"","region_id","zone","area","status","year"
"1",1,"Offshore",181.891318821236,0,2014
"2",1,"No take zone",35.89160134,0.5,2014
"3",1,"Rest of lagoon",35.89160134,0.75,2014
"4",1,"Aie",0.009775186488655,1,2014
"5",1,"Aie",0.023277683208063,1,2014
"6",1,"Ahuroa",0.046627710105536,1,2014
"7",1,"Hiraanae",0.353004842003619,1,2014
"8",1,"Horoatera",0.870078933438646,1,2014
"9",1,"Hiraanae",0.001100493961161,1,2014
"10",1,"Honuea",0.29743536186033,1,2014
"11",1,"Onetahi",0.751000573862474,1,2014
"12",1,"Reiono",0.232100155542133,1,2014
"13",1,"Rimatuu",0.903521034107308,1,2014
"14",1,"Tahuna Rahi",0.076107024461502,1,2014
"15",1,"Tahuna Iti",0.009172773697991,1,2014
"16",1,"Tauvine",0.079748509665234,1,2014
"17",1,"Tiaraunu",1.70884833766718,1,2015
"18",1,"Offshore",181.891318821236,0,2015
"19",1,"No take zone",35.89160134,0.5,2015
"20",1,"Rest of lagoon",35.89160134,0.75,2015
"21",1,"Aie",0.009775186488655,1,2015
"22",1,"Aie",0.023277683208063,1,2015
"23",1,"Ahuroa",0.046627710105536,1,2015
"24",1,"Hiraanae",0.353004842003619,1,2015
"25",1,"Horoatera",0.870078933438646,1,2015
"26",1,"Hiraanae",0.001100493961161,1,2015
"27",1,"Honuea",0.29743536186033,1,2015
"28",1,"Onetahi",0.751000573862474,1,2015
"29",1,"Reiono",0.232100155542133,1,2015
"30",1,"Rimatuu",0.903521034107308,1,2015
"31",1,"Tahuna Rahi",0.076107024461502,1,2015
"32",1,"Tahuna Iti",0.009172773697991,1,2015
"33",1,"Tauvine",0.079748509665234,1,2016
"34",1,"Tiaraunu",1.70884833766718,1,2016
"35",1,"Offshore",181.891318821236,0,2016
"36",1,"No take zone",35.89160134,0.5,2016
"37",1,"Rest of lagoon",35.89160134,0.75,2016
"38",1,"Aie",0.009775186488655,1,2016
"39",1,"Aie",0.023277683208063,1,2016
"40",1,"Ahuroa",0.046627710105536,1,2016
"41",1,"Hiraanae",0.353004842003619,1,2016
"42",1,"Horoatera",0.870078933438646,1,2016
"43",1,"Hiraanae",0.001100493961161,1,2016
"44",1,"Honuea",0.29743536186033,1,2016
"45",1,"Onetahi",0.751000573862474,1,2016
"46",1,"Reiono",0.232100155542133,1,2016
"47",1,"Rimatuu",0.903521034107308,1,2016
"48",1,"Tahuna Rahi",0.076107024461502,1,2016
"49",1,"Tahuna Iti",0.009172773697991,1,2017
"50",1,"Tauvine",0.079748509665234,1,2017
"51",1,"Tiaraunu",1.70884833766718,1,2017
"52",1,"Offshore",181.891318821236,0,2017
"53",1,"No take zone",35.89160134,0.5,2017
"54",1,"Rest of lagoon",35.89160134,0.75,2017
"55",1,"Aie",0.009775186488655,1,2017
"56",1,"Aie",0.023277683208063,1,2017
"57",1,"Ahuroa",0.046627710105536,1,2017
"58",1,"Hiraanae",0.353004842003619,1,2017
"59",1,"Horoatera",0.870078933438646,1,2017
"60",1,"Hiraanae",0.001100493961161,1,2017
"61",1,"Honuea",0.29743536186033,1,2017
"62",1,"Onetahi",0.751000573862474,1,2017
"63",1,"Reiono",0.232100155542133,1,2017
"64",1,"Rimatuu",0.903521034107308,1,2017
"65",1,"Tahuna Rahi",0.076107024461502,1,2018
"66",1,"Tahuna Iti",0.009172773697991,1,2018
"67",1,"Tauvine",0.079748509665234,1,2018
"68",1,"Tiaraunu",1.70884833766718,1,2018
"69",1,"Offshore",181.891318821236,0,2018
"70",1,"No take zone",35.89160134,0.5,2018
"71",1,"Rest of lagoon",35.89160134,0.75,2018
"72",1,"Aie",0.009775186488655,1,2018
"73",1,"Aie",0.023277683208063,1,2018
"74",1,"Ahuroa",0.046627710105536,1,2018
"75",1,"Hiraanae",0.353004842003619,1,2018
"76",1,"Horoatera",0.870078933438646,1,2018
"77",1,"Hiraanae",0.001100493961161,1,2018
"78",1,"Honuea",0.29743536186033,1,2018
"79",1,"Onetahi",0.751000573862474,1,2018
"80",1,"Reiono",0.232100155542133,1,2018
"81",1,"Rimatuu",0.903521034107308,1,2019
"82",1,"Tahuna Rahi",0.076107024461502,1,2019
"83",1,"Tahuna Iti",0.009172773697991,1,2019
"84",1,"Tauvine",0.079748509665234,1,2019
"85",1,"Tiaraunu",1.70884833766718,1,2019
"86",1,"Offshore",181.891318821236,0,2019
"87",1,"No take zone",35.89160134,0.5,2019
"88",1,"Rest of lagoon",35.89160134,0.75,2019
"89",1,"Aie",0.009775186488655,1,2019
"90",1,"Aie",0.023277683208063,1,2019
"91",1,"Ahuroa",0.046627710105536,1,2019
"92",1,"Hiraanae",0.353004842003619,1,2019
"93",1,"Horoatera",0.870078933438646,1,2019
"94",1,"Hiraanae",0.001100493961161,1,2019
"95",1,"Honuea",0.29743536186033,1,2019
"96",1,"Onetahi",0.751000573862474,1,2019
"97",1,"Reiono",0.232100155542133,1,2020
"98",1,"Rimatuu",0.903521034107308,1,2020
"99",1,"Tahuna Rahi",0.076107024461502,1,2020
"100",1,"Tahuna Iti",0.009172773697991,1,2020
"101",1,"Tauvine",0.079748509665234,1,2020
"102",1,"Tiaraunu",1.70884833766718,1,2020
"103",1,"Offshore",181.891318821236,0,2020
"104",1,"No take zone",35.89160134,0.5,2020
"105",1,"Rest of lagoon",35.89160134,0.75,2020
"106",1,"Aie",0.009775186488655,1,2020
"107",1,"Aie",0.023277683208063,1,2020
"108",1,"Ahuroa",0.046627710105536,1,2020
"109",1,"Hiraanae",0.353004842003619,1,2020
"110",1,"Horoatera",0.870078933438646,1,2020
"111",1,"Hiraanae",0.001100493961161,1,2020
"112",1,"Honuea",0.29743536186033,1,2020
"113",1,"Onetahi",0.751000573862474,1,2014
"114",1,"Reiono",0.232100155542133,1,2014
"115",1,"Rimatuu",0.903521034107308,1,2014
"116",1,"Tahuna Rahi",0.076107024461502,1,2014
"117",1,"Tahuna Iti",0.009172773697991,1,2014
"118",1,"Tauvine",0.079748509665234,1,2014
"119",1,"Tiaraunu",1.70884833766718,1,2014
"120",1,"Offshore",181.891318821236,0,2014
"121",1,"No take zone",35.89160134,0.5,2014
"122",1,"Rest of lagoon",35.89160134,0.75,2014
"123",1,"Aie",0.009775186488655,1,2014
"124",1,"Aie",0.023277683208063,1,2014
"125",1,"Ahuroa",0.046627710105536,1,2014
"126",1,"Hiraanae",0.353004842003619,1,2014
"127",1,"Horoatera",0.870078933438646,1,2014
"128",1,"Hiraanae",0.001100493961161,1,2014
"129",1,"Honuea",0.29743536186033,1,2015
"130",1,"Onetahi",0.751000573862474,1,2015
"131",1,"Reiono",0.232100155542133,1,2015
"132",1,"Rimatuu",0.903521034107308,1,2015
"133",1,"Tahuna Rahi",0.076107024461502,1,2015
"134",1,"Tahuna Iti",0.009172773697991,1,2015
"135",1,"Tauvine",0.079748509665234,1,2015
"136",1,"Tiaraunu",1.70884833766718,1,2015
"137",1,"Offshore",181.891318821236,0,2015
"138",1,"No take zone",35.89160134,0.5,2015
"139",1,"Rest of lagoon",35.89160134,0.75,2015
"140",1,"Aie",0.009775186488655,1,2015
"141",1,"Aie",0.023277683208063,1,2015
"142",1,"Ahuroa",0.046627710105536,1,2015
"143",1,"Hiraanae",0.353004842003619,1,2015
"144",1,"Horoatera",0.870078933438646,1,2015
"145",1,"Hiraanae",0.001100493961161,1,2016
"146",1,"Honuea",0.29743536186033,1,2016
"147",1,"Onetahi",0.751000573862474,1,2016
"148",1,"Reiono",0.232100155542133,1,2016
"149",1,"Rimatuu",0.903521034107308,1,2016
"150",1,"Tahuna Rahi",0.076107024461502,1,2016
"151",1,"Tahuna Iti",0.009172773697991,1,2016
"152",1,"Tauvine",0.079748509665234,1,2016
"153",1,"Tiaraunu",1.70884833766718,1,2016
"154",1,"Offshore",181.891318821236,0,2016
"155",1,"No take zone",35.89160134,0.5,2016
"156",1,"Rest of lagoon",35.89160134,0.75,2016
"157",1,"Aie",0.009775186488655,1,2016
"158",1,"Aie",0.023277683208063,1,2016
"159",1,"Ahuroa",0.046627710105536,1,2016
"160",1,"Hiraanae",0.353004842003619,1,2016
"161",1,"Horoatera",0.870078933438646,1,2017
"162",1,"Hiraanae",0.001100493961161,1,2017
"163",1,"Honuea",0.29743536186033,1,2017
"164",1,"Onetahi",0.751000573862474,1,2017
"165",1,"Reiono",0.232100155542133,1,2017
"166",1,"Rimatuu",0.903521034107308,1,2017
"167",1,"Tahuna Rahi",0.076107024461502,1,2017
"168",1,"Tahuna Iti",0.009172773697991,1,2017
"169",1,"Tauvine",0.079748509665234,1,2017
"170",1,"Tiaraunu",1.70884833766718,1,2017
"171",1,"Offshore",181.891318821236,0,2017
"172",1,"No take zone",35.89160134,0.5,2017
"173",1,"Rest of lagoon",35.89160134,0.75,2017
"174",1,"Aie",0.009775186488655,1,2017
"175",1,"Aie",0.023277683208063,1,2017
"176",1,"Ahuroa",0.046627710105536,1,2017
"177",1,"Hiraanae",0.353004842003619,1,2018
"178",1,"Horoatera",0.870078933438646,1,2018
"179",1,"Hiraanae",0.001100493961161,1,2018
"180",1,"Honuea",0.29743536186033,1,2018
"181",1,"Onetahi",0.751000573862474,1,2018
"182",1,"Reiono",0.232100155542133,1,2018
"183",1,"Rimatuu",0.903521034107308,1,2018
"184",1,"Tahuna Rahi",0.076107024461502,1,2018
"185",1,"Tahuna Iti",0.009172773697991,1,2018
"186",1,"Tauvine",0.079748509665234,1,2018
"187",1,"Tiaraunu",1.70884833766718,1,2018
"188",1,"Offshore",181.891318821236,0,2018
"189",1,"No take zone",35.89160134,0.5,2018
"190",1,"Rest of lagoon",35.89160134,0.75,2018
"191",1,"Aie",0.009775186488655,1,2018
"192",1,"Aie",0.023277683208063,1,2018
"193",1,"Ahuroa",0.046627710105536,1,2019
"194",1,"Hiraanae",0.353004842003619,1,2019
"195",1,"Horoatera",0.870078933438646,1,2019
"196",1,"Hiraanae",0.001100493961161,1,2019
"197",1,"Honuea",0.29743536186033,1,2019
"198",1,"Onetahi",0.751000573862474,1,2019
"199",1,"Reiono",0.232100155542133,1,2019
"200",1,"Rimatuu",0.903521034107308,1,2019
"201",1,"Tahuna Rahi",0.076107024461502,1,2019
"202",1,"Tahuna Iti",0.009172773697991,1,2019
"203",1,"Tauvine",0.079748509665234,1,2019
"204",1,"Tiaraunu",1.70884833766718,1,2019
"205",1,"Offshore",181.891318821236,0,2019
"206",1,"No take zone",35.89160134,0.5,2019
"207",1,"Rest of lagoon",35.89160134,0.75,2019
"208",1,"Aie",0.009775186488655,1,2019
"209",1,"Aie",0.023277683208063,1,2020
"210",1,"Ahuroa",0.046627710105536,1,2020
"211",1,"Hiraanae",0.353004842003619,1,2020
"212",1,"Horoatera",0.870078933438646,1,2020
"213",1,"Hiraanae",0.001100493961161,1,2020
"214",1,"Honuea",0.29743536186033,1,2020
"215",1,"Onetahi",0.751000573862474,1,2020
"216",1,"Reiono",0.232100155542133,1,2020
"217",1,"Rimatuu",0.903521034107308,1,2020
"218",1,"Tahuna Rahi",0.076107024461502,1,2020
"219",1,"Tahuna Iti",0.009172773697991,1,2020
"220",1,"Tauvine",0.079748509665234,1,2020
"221",1,"Tiaraunu",1.70884833766718,1,2020
"222",1,"Offshore",181.891318821236,0,2020
"223",1,"No take zone",35.89160134,0.5,2020
"224",1,"Rest of lagoon",35.89160134,0.75,2020
"225",1,"Aie",0.009775186488655,1,2014
"226",1,"Aie",0.023277683208063,1,2014
"227",1,"Ahuroa",0.046627710105536,1,2014
"228",1,"Hiraanae",0.353004842003619,1,2014
"229",1,"Horoatera",0.870078933438646,1,2014
"230",1,"Hiraanae",0.001100493961161,1,2014
"231",1,"Honuea",0.29743536186033,1,2014
"232",1,"Onetahi",0.751000573862474,1,2014
"233",1,"Reiono",0.232100155542133,1,2014
"234",1,"Rimatuu",0.903521034107308,1,2014
"235",1,"Tahuna Rahi",0.076107024461502,1,2014
"236",1,"Tahuna Iti",0.009172773697991,1,2014
"237",1,"Tauvine",0.079748509665234,1,2014
"238",1,"Tiaraunu",1.70884833766718,1,2014
"239",1,"Offshore",181.891318821236,0,2014
"240",1,"No take zone",35.89160134,0.5,2014
"241",1,"Rest of lagoon",35.89160134,0.75,2015
"242",1,"Aie",0.009775186488655,1,2015
"243",1,"Aie",0.023277683208063,1,2015
"244",1,"Ahuroa",0.046627710105536,1,2015
"245",1,"Hiraanae",0.353004842003619,1,2015
"246",1,"Horoatera",0.870078933438646,1,2015
"247",1,"Hiraanae",0.001100493961161,1,2015
"248",1,"Honuea",0.29743536186033,1,2015
"249",1,"Onetahi",0.751000573862474,1,2015
"250",1,"Reiono",0.232100155542133,1,2015
"251",1,"Rimatuu",0.903521034107308,1,2015
"252",1,"Tahuna Rahi",0.076107024461502,1,2015
"253",1,"Tahuna Iti",0.009172773697991,1,2015
"254",1,"Tauvine",0.079748509665234,1,2015
"255",1,"Tiaraunu",1.70884833766718,1,2015
"256",1,"Offshore",181.891318821236,0,2015
"257",1,"No take zone",35.89160134,0.5,2016
"258",1,"Rest of lagoon",35.89160134,0.75,2016
"259",1,"Aie",0.009775186488655,1,2016
"260",1,"Aie",0.023277683208063,1,2016
"261",1,"Ahuroa",0.046627710105536,1,2016
"262",1,"Hiraanae",0.353004842003619,1,2016
"263",1,"Horoatera",0.870078933438646,1,2016
"264",1,"Hiraanae",0.001100493961161,1,2016
"265",1,"Honuea",0.29743536186033,1,2016
"266",1,"Onetahi",0.751000573862474,1,2016
"267",1,"Reiono",0.232100155542133,1,2016
"268",1,"Rimatuu",0.903521034107308,1,2016
"269",1,"Tahuna Rahi",0.076107024461502,1,2016
"270",1,"Tahuna Iti",0.009172773697991,1,2016
"271",1,"Tauvine",0.079748509665234,1,2016
"272",1,"Tiaraunu",1.70884833766718,1,2016
"273",1,"Offshore",181.891318821236,0,2017
"274",1,"No take zone",35.89160134,0.5,2017
"275",1,"Rest of lagoon",35.89160134,0.75,2017
"276",1,"Aie",0.009775186488655,1,2017
"277",1,"Aie",0.023277683208063,1,2017
"278",1,"Ahuroa",0.046627710105536,1,2017
"279",1,"Hiraanae",0.353004842003619,1,2017
"280",1,"Horoatera",0.870078933438646,1,2017
"281",1,"Hiraanae",0.001100493961161,1,2017
"282",1,"Honuea",0.29743536186033,1,2017
"283",1,"Onetahi",0.751000573862474,1,2017
"284",1,"Reiono",0.232100155542133,1,2017
"285",1,"Rimatuu",0.903521034107308,1,2017
"286",1,"Tahuna Rahi",0.076107024461502,1,2017
"287",1,"Tahuna Iti",0.009172773697991,1,2017
"288",1,"Tauvine",0.079748509665234,1,2017
"289",1,"Tiaraunu",1.70884833766718,1,2018
"290",1,"Offshore",181.891318821236,0,2018
"291",1,"No take zone",35.89160134,0.5,2018
"292",1,"Rest of lagoon",35.89160134,0.75,2018
"293",1,"Aie",0.009775186488655,1,2018
"294",1,"Aie",0.023277683208063,1,2018
"295",1,"Ahuroa",0.046627710105536,1,2018
"296",1,"Hiraanae",0.353004842003619,1,2018
"297",1,"Horoatera",0.870078933438646,1,2018
"298",1,"Hiraanae",0.001100493961161,1,2018
"299",1,"Honuea",0.29743536186033,1,2018
"300",1,"Onetahi",0.751000573862474,1,2018
"301",1,"Reiono",0.232100155542133,1,2018
"302",1,"Rimatuu",0.903521034107308,1,2018
"303",1,"Tahuna Rahi",0.076107024461502,1,2018
"304",1,"Tahuna Iti",0.009172773697991,1,2018
"305",1,"Tauvine",0.079748509665234,1,2019
"306",1,"Tiaraunu",1.70884833766718,1,2019
"307",1,"Offshore",181.891318821236,0,2019
"308",1,"No take zone",35.89160134,0.5,2019
"309",1,"Rest of lagoon",35.89160134,0.75,2019
"310",1,"Aie",0.009775186488655,1,2019
"311",1,"Aie",0.023277683208063,1,2019
"312",1,"Ahuroa",0.046627710105536,1,2019
"313",1,"Hiraanae",0.353004842003619,1,2019
"314",1,"Horoatera",0.870078933438646,1,2019
"315",1,"Hiraanae",0.001100493961161,1,2019
"316",1,"Honuea",0.29743536186033,1,2019
"317",1,"Onetahi",0.751000573862474,1,2019
"318",1,"Reiono",0.232100155542133,1,2019
"319",1,"Rimatuu",0.903521034107308,1,2019
"320",1,"Tahuna Rahi",0.076107024461502,1,2019
"321",1,"Tahuna Iti",0.009172773697991,1,2020
"322",1,"Tauvine",0.079748509665234,1,2020
"323",1,"Tiaraunu",1.70884833766718,1,2020
"324",1,"Offshore",181.891318821236,0,2020
"325",1,"No take zone",35.89160134,0.5,2020
"326",1,"Rest of lagoon",35.89160134,0.75,2020
"327",1,"Aie",0.009775186488655,1,2020
"328",1,"Aie",0.023277683208063,1,2020
"329",1,"Ahuroa",0.046627710105536,1,2020
"330",1,"Hiraanae",0.353004842003619,1,2020
"331",1,"Horoatera",0.870078933438646,1,2020
"332",1,"Hiraanae",0.001100493961161,1,2020
"333",1,"Honuea",0.29743536186033,1,2020
"334",1,"Onetahi",0.751000573862474,1,2020
"335",1,"Reiono",0.232100155542133,1,2020
"336",1,"Rimatuu",0.903521034107308,1,2020
"337",1,"Tahuna Rahi",0.076107024461502,1,2014
"338",1,"Tahuna Iti",0.009172773697991,1,2014
"339",1,"Tauvine",0.079748509665234,1,2014
"340",1,"Tiaraunu",1.70884833766718,1,2014
"341",1,"Offshore",181.891318821236,0,2014
"342",1,"No take zone",35.89160134,0.5,2014
"343",1,"Rest of lagoon",35.89160134,0.75,2014
"344",1,"Aie",0.009775186488655,1,2014
"345",1,"Aie",0.023277683208063,1,2014
"346",1,"Ahuroa",0.046627710105536,1,2014
"347",1,"Hiraanae",0.353004842003619,1,2014
"348",1,"Horoatera",0.870078933438646,1,2014
"349",1,"Hiraanae",0.001100493961161,1,2014
"350",1,"Honuea",0.29743536186033,1,2014
"351",1,"Onetahi",0.751000573862474,1,2014
"352",1,"Reiono",0.232100155542133,1,2014
"353",1,"Rimatuu",0.903521034107308,1,2015
"354",1,"Tahuna Rahi",0.076107024461502,1,2015
"355",1,"Tahuna Iti",0.009172773697991,1,2015
"356",1,"Tauvine",0.079748509665234,1,2015
"357",1,"Tiaraunu",1.70884833766718,1,2015
"358",1,"Offshore",181.891318821236,0,2015
"359",1,"No take zone",35.89160134,0.5,2015
"360",1,"Rest of lagoon",35.89160134,0.75,2015
"361",1,"Aie",0.009775186488655,1,2015
"362",1,"Aie",0.023277683208063,1,2015
"363",1,"Ahuroa",0.046627710105536,1,2015
"364",1,"Hiraanae",0.353004842003619,1,2015
"365",1,"Horoatera",0.870078933438646,1,2015
"366",1,"Hiraanae",0.001100493961161,1,2015
"367",1,"Honuea",0.29743536186033,1,2015
"368",1,"Onetahi",0.751000573862474,1,2015
"369",1,"Reiono",0.232100155542133,1,2016
"370",1,"Rimatuu",0.903521034107308,1,2016
"371",1,"Tahuna Rahi",0.076107024461502,1,2016
"372",1,"Tahuna Iti",0.009172773697991,1,2016
"373",1,"Tauvine",0.079748509665234,1,2016
"374",1,"Tiaraunu",1.70884833766718,1,2016
"375",1,"Offshore",181.891318821236,0,2016
"376",1,"No take zone",35.89160134,0.5,2016
"377",1,"Rest of lagoon",35.89160134,0.75,2016
"378",1,"Aie",0.009775186488655,1,2016
"379",1,"Aie",0.023277683208063,1,2016
"380",1,"Ahuroa",0.046627710105536,1,2016
"381",1,"Hiraanae",0.353004842003619,1,2016
"382",1,"Horoatera",0.870078933438646,1,2016
"383",1,"Hiraanae",0.001100493961161,1,2016
"384",1,"Honuea",0.29743536186033,1,2016
"385",1,"Onetahi",0.751000573862474,1,2017
"386",1,"Reiono",0.232100155542133,1,2017
"387",1,"Rimatuu",0.903521034107308,1,2017
"388",1,"Tahuna Rahi",0.076107024461502,1,2017
"389",1,"Tahuna Iti",0.009172773697991,1,2017
"390",1,"Tauvine",0.079748509665234,1,2017
"391",1,"Tiaraunu",1.70884833766718,1,2017
"392",1,"Offshore",181.891318821236,0,2017
"393",1,"No take zone",35.89160134,0.5,2017
"394",1,"Rest of lagoon",35.89160134,0.75,2017
"395",1,"Aie",0.009775186488655,1,2017
"396",1,"Aie",0.023277683208063,1,2017
"397",1,"Ahuroa",0.046627710105536,1,2017
"398",1,"Hiraanae",0.353004842003619,1,2017
"399",1,"Horoatera",0.870078933438646,1,2017
"400",1,"Hiraanae",0.001100493961161,1,2017
"401",1,"Honuea",0.29743536186033,1,2018
"402",1,"Onetahi",0.751000573862474,1,2018
"403",1,"Reiono",0.232100155542133,1,2018
"404",1,"Rimatuu",0.903521034107308,1,2018
"405",1,"Tahuna Rahi",0.076107024461502,1,2018
"406",1,"Tahuna Iti",0.009172773697991,1,2018
"407",1,"Tauvine",0.079748509665234,1,2018
"408",1,"Tiaraunu",1.70884833766718,1,2018
"409",1,"Offshore",181.891318821236,0,2018
"410",1,"No take zone",35.89160134,0.5,2018
"411",1,"Rest of lagoon",35.89160134,0.75,2018
"412",1,"Aie",0.009775186488655,1,2018
"413",1,"Aie",0.023277683208063,1,2018
"414",1,"Ahuroa",0.046627710105536,1,2018
"415",1,"Hiraanae",0.353004842003619,1,2018
"416",1,"Horoatera",0.870078933438646,1,2018
"417",1,"Hiraanae",0.001100493961161,1,2019
"418",1,"Honuea",0.29743536186033,1,2019
"419",1,"Onetahi",0.751000573862474,1,2019
"420",1,"Reiono",0.232100155542133,1,2019
"421",1,"Rimatuu",0.903521034107308,1,2019
"422",1,"Tahuna Rahi",0.076107024461502,1,2019
"423",1,"Tahuna Iti",0.009172773697991,1,2019
"424",1,"Tauvine",0.079748509665234,1,2019
"425",1,"Tiaraunu",1.70884833766718,1,2019
"426",1,"Offshore",181.891318821236,0,2019
"427",1,"No take zone",35.89160134,0.5,2019
"428",1,"Rest of lagoon",35.89160134,0.75,2019
"429",1,"Aie",0.009775186488655,1,2019
"430",1,"Aie",0.023277683208063,1,2019
"431",1,"Ahuroa",0.046627710105536,1,2019
"432",1,"Hiraanae",0.353004842003619,1,2019
"433",1,"Horoatera",0.870078933438646,1,2020
"434",1,"Hiraanae",0.001100493961161,1,2020
"435",1,"Honuea",0.29743536186033,1,2020
"436",1,"Onetahi",0.751000573862474,1,2020
"437",1,"Reiono",0.232100155542133,1,2020
"438",1,"Rimatuu",0.903521034107308,1,2020
"439",1,"Tahuna Rahi",0.076107024461502,1,2020
"440",1,"Tahuna Iti",0.009172773697991,1,2020
"441",1,"Tauvine",0.079748509665234,1,2020
"442",1,"Tiaraunu",1.70884833766718,1,2020
"443",1,"Offshore",181.891318821236,0,2020
"444",1,"No take zone",35.89160134,0.5,2020
"445",1,"Rest of lagoon",35.89160134,0.75,2020
"446",1,"Aie",0.009775186488655,1,2020
"447",1,"Aie",0.023277683208063,1,2020
"448",1,"Ahuroa",0.046627710105536,1,2020
"449",1,"Hiraanae",0.353004842003619,1,2014
"450",1,"Horoatera",0.870078933438646,1,2014
"451",1,"Hiraanae",0.001100493961161,1,2014
"452",1,"Honuea",0.29743536186033,1,2014
"453",1,"Onetahi",0.751000573862474,1,2014
"454",1,"Reiono",0.232100155542133,1,2014
"455",1,"Rimatuu",0.903521034107308,1,2014
"456",1,"Tahuna Rahi",0.076107024461502,1,2014
"457",1,"Tahuna Iti",0.009172773697991,1,2014
"458",1,"Tauvine",0.079748509665234,1,2014
"459",1,"Tiaraunu",1.70884833766718,1,2014
"460",1,"Offshore",181.891318821236,0,2014
"461",1,"No take zone",35.89160134,0.5,2014
"462",1,"Rest of lagoon",35.89160134,0.75,2014
"463",1,"Aie",0.009775186488655,1,2014
"464",1,"Aie",0.023277683208063,1,2014
"465",1,"Ahuroa",0.046627710105536,1,2015
"466",1,"Hiraanae",0.353004842003619,1,2015
"467",1,"Horoatera",0.870078933438646,1,2015
"468",1,"Hiraanae",0.001100493961161,1,2015
"469",1,"Honuea",0.29743536186033,1,2015
"470",1,"Onetahi",0.751000573862474,1,2015
"471",1,"Reiono",0.232100155542133,1,2015
"472",1,"Rimatuu",0.903521034107308,1,2015
"473",1,"Tahuna Rahi",0.076107024461502,1,2015
"474",1,"Tahuna Iti",0.009172773697991,1,2015
"475",1,"Tauvine",0.079748509665234,1,2015
"476",1,"Tiaraunu",1.70884833766718,1,2015
"477",1,"Offshore",181.891318821236,0,2015
"478",1,"No take zone",35.89160134,0.5,2015
"479",1,"Rest of lagoon",35.89160134,0.75,2015
"480",1,"Aie",0.009775186488655,1,2015
"481",1,"Aie",0.023277683208063,1,2016
"482",1,"Ahuroa",0.046627710105536,1,2016
"483",1,"Hiraanae",0.353004842003619,1,2016
"484",1,"Horoatera",0.870078933438646,1,2016
"485",1,"Hiraanae",0.001100493961161,1,2016
"486",1,"Honuea",0.29743536186033,1,2016
"487",1,"Onetahi",0.751000573862474,1,2016
"488",1,"Reiono",0.232100155542133,1,2016
"489",1,"Rimatuu",0.903521034107308,1,2016
"490",1,"Tahuna Rahi",0.076107024461502,1,2016
"491",1,"Tahuna Iti",0.009172773697991,1,2016
"492",1,"Tauvine",0.079748509665234,1,2016
"493",1,"Tiaraunu",1.70884833766718,1,2016
"494",1,"Offshore",181.891318821236,0,2016
"495",1,"No take zone",35.89160134,0.5,2016
"496",1,"Rest of lagoon",35.89160134,0.75,2016
"497",1,"Aie",0.009775186488655,1,2017
"498",1,"Aie",0.023277683208063,1,2017
"499",1,"Ahuroa",0.046627710105536,1,2017
"500",1,"Hiraanae",0.353004842003619,1,2017
"501",1,"Horoatera",0.870078933438646,1,2017
"502",1,"Hiraanae",0.001100493961161,1,2017
"503",1,"Honuea",0.29743536186033,1,2017
"504",1,"Onetahi",0.751000573862474,1,2017
"505",1,"Reiono",0.232100155542133,1,2017
"506",1,"Rimatuu",0.903521034107308,1,2017
"507",1,"Tahuna Rahi",0.076107024461502,1,2017
"508",1,"Tahuna Iti",0.009172773697991,1,2017
"509",1,"Tauvine",0.079748509665234,1,2017
"510",1,"Tiaraunu",1.70884833766718,1,2017
"511",1,"Offshore",181.891318821236,0,2017
"512",1,"No take zone",35.89160134,0.5,2017
"513",1,"Rest of lagoon",35.89160134,0.75,2018
"514",1,"Aie",0.009775186488655,1,2018
"515",1,"Aie",0.023277683208063,1,2018
"516",1,"Ahuroa",0.046627710105536,1,2018
"517",1,"Hiraanae",0.353004842003619,1,2018
"518",1,"Horoatera",0.870078933438646,1,2018
"519",1,"Hiraanae",0.001100493961161,1,2018
"520",1,"Honuea",0.29743536186033,1,2018
"521",1,"Onetahi",0.751000573862474,1,2018
"522",1,"Reiono",0.232100155542133,1,2018
"523",1,"Rimatuu",0.903521034107308,1,2018
"524",1,"Tahuna Rahi",0.076107024461502,1,2018
"525",1,"Tahuna Iti",0.009172773697991,1,2018
"526",1,"Tauvine",0.079748509665234,1,2018
"527",1,"Tiaraunu",1.70884833766718,1,2018
"528",1,"Offshore",181.891318821236,0,2018
"529",1,"No take zone",35.89160134,0.5,2019
"530",1,"Rest of lagoon",35.89160134,0.75,2019
"531",1,"Aie",0.009775186488655,1,2019
"532",1,"Aie",0.023277683208063,1,2019
"533",1,"Ahuroa",0.046627710105536,1,2019
"534",1,"Hiraanae",0.353004842003619,1,2019
"535",1,"Horoatera",0.870078933438646,1,2019
"536",1,"Hiraanae",0.001100493961161,1,2019
"537",1,"Honuea",0.29743536186033,1,2019
"538",1,"Onetahi",0.751000573862474,1,2019
"539",1,"Reiono",0.232100155542133,1,2019
"540",1,"Rimatuu",0.903521034107308,1,2019
"541",1,"Tahuna Rahi",0.076107024461502,1,2019
"542",1,"Tahuna Iti",0.009172773697991,1,2019
"543",1,"Tauvine",0.079748509665234,1,2019
"544",1,"Tiaraunu",1.70884833766718,1,2019
"545",1,"Offshore",181.891318821236,0,2020
"546",1,"No take zone",35.89160134,0.5,2020
"547",1,"Rest of lagoon",35.89160134,0.75,2020
"548",1,"Aie",0.009775186488655,1,2020
"549",1,"Aie",0.023277683208063,1,2020
"550",1,"Ahuroa",0.046627710105536,1,2020
"551",1,"Hiraanae",0.353004842003619,1,2020
"552",1,"Horoatera",0.870078933438646,1,2020
"553",1,"Hiraanae",0.001100493961161,1,2020
"554",1,"Honuea",0.29743536186033,1,2020
"555",1,"Onetahi",0.751000573862474,1,2020
"556",1,"Reiono",0.232100155542133,1,2020
"557",1,"Rimatuu",0.903521034107308,1,2020
"558",1,"Tahuna Rahi",0.076107024461502,1,2020
"559",1,"Tahuna Iti",0.009172773697991,1,2020
"560",1,"Tauvine",0.079748509665234,1,2020
"561",1,"Tiaraunu",1.70884833766718,1,2014
"562",1,"Offshore",181.891318821236,0,2014
"563",1,"No take zone",35.89160134,0.5,2014
"564",1,"Rest of lagoon",35.89160134,0.75,2014
"565",1,"Aie",0.009775186488655,1,2014
"566",1,"Aie",0.023277683208063,1,2014
"567",1,"Ahuroa",0.046627710105536,1,2014
"568",1,"Hiraanae",0.353004842003619,1,2014
"569",1,"Horoatera",0.870078933438646,1,2014
"570",1,"Hiraanae",0.001100493961161,1,2014
"571",1,"Honuea",0.29743536186033,1,2014
"572",1,"Onetahi",0.751000573862474,1,2014
"573",1,"Reiono",0.232100155542133,1,2014
"574",1,"Rimatuu",0.903521034107308,1,2014
"575",1,"Tahuna Rahi",0.076107024461502,1,2014
"576",1,"Tahuna Iti",0.009172773697991,1,2014
"577",1,"Tauvine",0.079748509665234,1,2015
"578",1,"Tiaraunu",1.70884833766718,1,2015
"579",1,"Offshore",181.891318821236,0,2015
"580",1,"No take zone",35.89160134,0.5,2015
"581",1,"Rest of lagoon",35.89160134,0.75,2015
"582",1,"Aie",0.009775186488655,1,2015
"583",1,"Aie",0.023277683208063,1,2015
"584",1,"Ahuroa",0.046627710105536,1,2015
"585",1,"Hiraanae",0.353004842003619,1,2015
"586",1,"Horoatera",0.870078933438646,1,2015
"587",1,"Hiraanae",0.001100493961161,1,2015
"588",1,"Honuea",0.29743536186033,1,2015
"589",1,"Onetahi",0.751000573862474,1,2015
"590",1,"Reiono",0.232100155542133,1,2015
"591",1,"Rimatuu",0.903521034107308,1,2015
"592",1,"Tahuna Rahi",0.076107024461502,1,2015
"593",1,"Tahuna Iti",0.009172773697991,1,2016
"594",1,"Tauvine",0.079748509665234,1,2016
"595",1,"Tiaraunu",1.70884833766718,1,2016
"596",1,"Offshore",181.891318821236,0,2016
"597",1,"No take zone",35.89160134,0.5,2016
"598",1,"Rest of lagoon",35.89160134,0.75,2016
"599",1,"Aie",0.009775186488655,1,2016
"600",1,"Aie",0.023277683208063,1,2016
"601",1,"Ahuroa",0.046627710105536,1,2016
"602",1,"Hiraanae",0.353004842003619,1,2016
"603",1,"Horoatera",0.870078933438646,1,2016
"604",1,"Hiraanae",0.001100493961161,1,2016
"605",1,"Honuea",0.29743536186033,1,2016
"606",1,"Onetahi",0.751000573862474,1,2016
"607",1,"Reiono",0.232100155542133,1,2016
"608",1,"Rimatuu",0.903521034107308,1,2016
"609",1,"Tahuna Rahi",0.076107024461502,1,2017
"610",1,"Tahuna Iti",0.009172773697991,1,2017
"611",1,"Tauvine",0.079748509665234,1,2017
"612",1,"Tiaraunu",1.70884833766718,1,2017
"613",1,"Offshore",181.891318821236,0,2017
"614",1,"No take zone",35.89160134,0.5,2017
"615",1,"Rest of lagoon",35.89160134,0.75,2017
"616",1,"Aie",0.009775186488655,1,2017
"617",1,"Aie",0.023277683208063,1,2017
"618",1,"Ahuroa",0.046627710105536,1,2017
"619",1,"Hiraanae",0.353004842003619,1,2017
"620",1,"Horoatera",0.870078933438646,1,2017
"621",1,"Hiraanae",0.001100493961161,1,2017
"622",1,"Honuea",0.29743536186033,1,2017
"623",1,"Onetahi",0.751000573862474,1,2017
"624",1,"Reiono",0.232100155542133,1,2017
"625",1,"Rimatuu",0.903521034107308,1,2018
"626",1,"Tahuna Rahi",0.076107024461502,1,2018
"627",1,"Tahuna Iti",0.009172773697991,1,2018
"628",1,"Tauvine",0.079748509665234,1,2018
"629",1,"Tiaraunu",1.70884833766718,1,2018
"630",1,"Offshore",181.891318821236,0,2018
"631",1,"No take zone",35.89160134,0.5,2018
"632",1,"Rest of lagoon",35.89160134,0.75,2018
"633",1,"Aie",0.009775186488655,1,2018
"634",1,"Aie",0.023277683208063,1,2018
"635",1,"Ahuroa",0.046627710105536,1,2018
"636",1,"Hiraanae",0.353004842003619,1,2018
"637",1,"Horoatera",0.870078933438646,1,2018
"638",1,"Hiraanae",0.001100493961161,1,2018
"639",1,"Honuea",0.29743536186033,1,2018
"640",1,"Onetahi",0.751000573862474,1,2018
"641",1,"Reiono",0.232100155542133,1,2019
"642",1,"Rimatuu",0.903521034107308,1,2019
"643",1,"Tahuna Rahi",0.076107024461502,1,2019
"644",1,"Tahuna Iti",0.009172773697991,1,2019
"645",1,"Tauvine",0.079748509665234,1,2019
"646",1,"Tiaraunu",1.70884833766718,1,2019
"647",1,"Offshore",181.891318821236,0,2019
"648",1,"No take zone",35.89160134,0.5,2019
"649",1,"Rest of lagoon",35.89160134,0.75,2019
"650",1,"Aie",0.009775186488655,1,2019
"651",1,"Aie",0.023277683208063,1,2019
"652",1,"Ahuroa",0.046627710105536,1,2019
"653",1,"Hiraanae",0.353004842003619,1,2019
"654",1,"Horoatera",0.870078933438646,1,2019
"655",1,"Hiraanae",0.001100493961161,1,2019
"656",1,"Honuea",0.29743536186033,1,2019
"657",1,"Onetahi",0.751000573862474,1,2020
"658",1,"Reiono",0.232100155542133,1,2020
"659",1,"Rimatuu",0.903521034107308,1,2020
"660",1,"Tahuna Rahi",0.076107024461502,1,2020
"661",1,"Tahuna Iti",0.009172773697991,1,2020
"662",1,"Tauvine",0.079748509665234,1,2020
"663",1,"Tiaraunu",1.70884833766718,1,2020
"664",1,"Offshore",181.891318821236,0,2020
"665",1,"No take zone",35.89160134,0.5,2020
"666",1,"Rest of lagoon",35.89160134,0.75,2020
"667",1,"Aie",0.009775186488655,1,2020
"668",1,"Aie",0.023277683208063,1,2020
"669",1,"Ahuroa",0.046627710105536,1,2020
"670",1,"Hiraanae",0.353004842003619,1,2020
"671",1,"Horoatera",0.870078933438646,1,2020
"672",1,"Hiraanae",0.001100493961161,1,2020
"673",1,"Honuea",0.29743536186033,1,2014
"674",1,"Onetahi",0.751000573862474,1,2014
"675",1,"Reiono",0.232100155542133,1,2014
"676",1,"Rimatuu",0.903521034107308,1,2014
"677",1,"Tahuna Rahi",0.076107024461502,1,2014
"678",1,"Tahuna Iti",0.009172773697991,1,2014
"679",1,"Tauvine",0.079748509665234,1,2014
"680",1,"Tiaraunu",1.70884833766718,1,2014
"681",1,"Offshore",181.891318821236,0,2014
"682",1,"No take zone",35.89160134,0.5,2014
"683",1,"Rest of lagoon",35.89160134,0.75,2014
"684",1,"Aie",0.009775186488655,1,2014
"685",1,"Aie",0.023277683208063,1,2014
"686",1,"Ahuroa",0.046627710105536,1,2014
"687",1,"Hiraanae",0.353004842003619,1,2014
"688",1,"Horoatera",0.870078933438646,1,2014
"689",1,"Hiraanae",0.001100493961161,1,2015
"690",1,"Honuea",0.29743536186033,1,2015
"691",1,"Onetahi",0.751000573862474,1,2015
"692",1,"Reiono",0.232100155542133,1,2015
"693",1,"Rimatuu",0.903521034107308,1,2015
"694",1,"Tahuna Rahi",0.076107024461502,1,2015
"695",1,"Tahuna Iti",0.009172773697991,1,2015
"696",1,"Tauvine",0.079748509665234,1,2015
"697",1,"Tiaraunu",1.70884833766718,1,2015
"698",1,"Offshore",181.891318821236,0,2015
"699",1,"No take zone",35.89160134,0.5,2015
"700",1,"Rest of lagoon",35.89160134,0.75,2015
"701",1,"Aie",0.009775186488655,1,2015
"702",1,"Aie",0.023277683208063,1,2015
"703",1,"Ahuroa",0.046627710105536,1,2015
"704",1,"Hiraanae",0.353004842003619,1,2015
"705",1,"Horoatera",0.870078933438646,1,2016
"706",1,"Hiraanae",0.001100493961161,1,2016
"707",1,"Honuea",0.29743536186033,1,2016
"708",1,"Onetahi",0.751000573862474,1,2016
"709",1,"Reiono",0.232100155542133,1,2016
"710",1,"Rimatuu",0.903521034107308,1,2016
"711",1,"Tahuna Rahi",0.076107024461502,1,2016
"712",1,"Tahuna Iti",0.009172773697991,1,2016
"713",1,"Tauvine",0.079748509665234,1,2016
"714",1,"Tiaraunu",1.70884833766718,1,2016
"715",1,"Offshore",181.891318821236,0,2016
"716",1,"No take zone",35.89160134,0.5,2016
"717",1,"Rest of lagoon",35.89160134,0.75,2016
"718",1,"Aie",0.009775186488655,1,2016
"719",1,"Aie",0.023277683208063,1,2016
"720",1,"Ahuroa",0.046627710105536,1,2016
"721",1,"Hiraanae",0.353004842003619,1,2017
"722",1,"Horoatera",0.870078933438646,1,2017
"723",1,"Hiraanae",0.001100493961161,1,2017
"724",1,"Honuea",0.29743536186033,1,2017
"725",1,"Onetahi",0.751000573862474,1,2017
"726",1,"Reiono",0.232100155542133,1,2017
"727",1,"Rimatuu",0.903521034107308,1,2017
"728",1,"Tahuna Rahi",0.076107024461502,1,2017
"729",1,"Tahuna Iti",0.009172773697991,1,2017
"730",1,"Tauvine",0.079748509665234,1,2017
"731",1,"Tiaraunu",1.70884833766718,1,2017
"732",1,"Offshore",181.891318821236,0,2017
"733",1,"No take zone",35.89160134,0.5,2017
"734",1,"Rest of lagoon",35.89160134,0.75,2017
"735",1,"Aie",0.009775186488655,1,2017
"736",1,"Aie",0.023277683208063,1,2017
"737",1,"Ahuroa",0.046627710105536,1,2018
"738",1,"Hiraanae",0.353004842003619,1,2018
"739",1,"Horoatera",0.870078933438646,1,2018
"740",1,"Hiraanae",0.001100493961161,1,2018
"741",1,"Honuea",0.29743536186033,1,2018
"742",1,"Onetahi",0.751000573862474,1,2018
"743",1,"Reiono",0.232100155542133,1,2018
"744",1,"Rimatuu",0.903521034107308,1,2018
"745",1,"Tahuna Rahi",0.076107024461502,1,2018
"746",1,"Tahuna Iti",0.009172773697991,1,2018
"747",1,"Tauvine",0.079748509665234,1,2018
"748",1,"Tiaraunu",1.70884833766718,1,2018
"749",1,"Offshore",181.891318821236,0,2018
"750",1,"No take zone",35.89160134,0.5,2018
"751",1,"Rest of lagoon",35.89160134,0.75,2018
"752",1,"Aie",0.009775186488655,1,2018
"753",1,"Aie",0.023277683208063,1,2019
"754",1,"Ahuroa",0.046627710105536,1,2019
"755",1,"Hiraanae",0.353004842003619,1,2019
"756",1,"Horoatera",0.870078933438646,1,2019
"757",1,"Hiraanae",0.001100493961161,1,2019
"758",1,"Honuea",0.29743536186033,1,2019
"759",1,"Onetahi",0.751000573862474,1,2019
"760",1,"Reiono",0.232100155542133,1,2019
"761",1,"Rimatuu",0.903521034107308,1,2019
"762",1,"Tahuna Rahi",0.076107024461502,1,2019
"763",1,"Tahuna Iti",0.009172773697991,1,2019
"764",1,"Tauvine",0.079748509665234,1,2019
"765",1,"Tiaraunu",1.70884833766718,1,2019
"766",1,"Offshore",181.891318821236,0,2019
"767",1,"No take zone",35.89160134,0.5,2019
"768",1,"Rest of lagoon",35.89160134,0.75,2019
"769",1,"Aie",0.009775186488655,1,2020
"770",1,"Aie",0.023277683208063,1,2020
"771",1,"Ahuroa",0.046627710105536,1,2020
"772",1,"Hiraanae",0.353004842003619,1,2020
"773",1,"Horoatera",0.870078933438646,1,2020
"774",1,"Hiraanae",0.001100493961161,1,2020
"775",1,"Honuea",0.29743536186033,1,2020
"776",1,"Onetahi",0.751000573862474,1,2020
"777",1,"Reiono",0.232100155542133,1,2020
"778",1,"Rimatuu",0.903521034107308,1,2020
"779",1,"Tahuna Rahi",0.076107024461502,1,2020
"780",1,"Tahuna Iti",0.009172773697991,1,2020
"781",1,"Tauvine",0.079748509665234,1,2020
"782",1,"Tiaraunu",1.70884833766718,1,2020
"783",1,"Offshore",181.891318821236,0,2020
"784",1,"No take zone",35.89160134,0.5,2020
"785",1,"Rest of lagoon",35.89160134,0.75,2014
"786",1,"Aie",0.009775186488655,1,2014
"787",1,"Aie",0.023277683208063,1,2014
"788",1,"Ahuroa",0.046627710105536,1,2014
"789",1,"Hiraanae",0.353004842003619,1,2014
"790",1,"Horoatera",0.870078933438646,1,2014
"791",1,"Hiraanae",0.001100493961161,1,2014
"792",1,"Honuea",0.29743536186033,1,2014
"793",1,"Onetahi",0.751000573862474,1,2014
"794",1,"Reiono",0.232100155542133,1,2014
"795",1,"Rimatuu",0.903521034107308,1,2014
"796",1,"Tahuna Rahi",0.076107024461502,1,2014
"797",1,"Tahuna Iti",0.009172773697991,1,2014
"798",1,"Tauvine",0.079748509665234,1,2014
"799",1,"Tiaraunu",1.70884833766718,1,2014
"800",1,"Offshore",181.891318821236,0,2014
"801",1,"No take zone",35.89160134,0.5,2015
"802",1,"Rest of lagoon",35.89160134,0.75,2015
"803",1,"Aie",0.009775186488655,1,2015
"804",1,"Aie",0.023277683208063,1,2015
"805",1,"Ahuroa",0.046627710105536,1,2015
"806",1,"Hiraanae",0.353004842003619,1,2015
"807",1,"Horoatera",0.870078933438646,1,2015
"808",1,"Hiraanae",0.001100493961161,1,2015
"809",1,"Honuea",0.29743536186033,1,2015
"810",1,"Onetahi",0.751000573862474,1,2015
"811",1,"Reiono",0.232100155542133,1,2015
"812",1,"Rimatuu",0.903521034107308,1,2015
"813",1,"Tahuna Rahi",0.076107024461502,1,2015
"814",1,"Tahuna Iti",0.009172773697991,1,2015
"815",1,"Tauvine",0.079748509665234,1,2015
"816",1,"Tiaraunu",1.70884833766718,1,2015
"817",1,"Offshore",181.891318821236,0,2016
"818",1,"No take zone",35.89160134,0.5,2016
"819",1,"Rest of lagoon",35.89160134,0.75,2016
"820",1,"Aie",0.009775186488655,1,2016
"821",1,"Aie",0.023277683208063,1,2016
"822",1,"Ahuroa",0.046627710105536,1,2016
"823",1,"Hiraanae",0.353004842003619,1,2016
"824",1,"Horoatera",0.870078933438646,1,2016
"825",1,"Hiraanae",0.001100493961161,1,2016
"826",1,"Honuea",0.29743536186033,1,2016
"827",1,"Onetahi",0.751000573862474,1,2016
"828",1,"Reiono",0.232100155542133,1,2016
"829",1,"Rimatuu",0.903521034107308,1,2016
"830",1,"Tahuna Rahi",0.076107024461502,1,2016
"831",1,"Tahuna Iti",0.009172773697991,1,2016
"832",1,"Tauvine",0.079748509665234,1,2016
"833",1,"Tiaraunu",1.70884833766718,1,2017
"834",1,"Offshore",181.891318821236,0,2017
"835",1,"No take zone",35.89160134,0.5,2017
"836",1,"Rest of lagoon",35.89160134,0.75,2017
"837",1,"Aie",0.009775186488655,1,2017
"838",1,"Aie",0.023277683208063,1,2017
"839",1,"Ahuroa",0.046627710105536,1,2017
"840",1,"Hiraanae",0.353004842003619,1,2017
"841",1,"Horoatera",0.870078933438646,1,2017
"842",1,"Hiraanae",0.001100493961161,1,2017
"843",1,"Honuea",0.29743536186033,1,2017
"844",1,"Onetahi",0.751000573862474,1,2017
"845",1,"Reiono",0.232100155542133,1,2017
"846",1,"Rimatuu",0.903521034107308,1,2017
"847",1,"Tahuna Rahi",0.076107024461502,1,2017
"848",1,"Tahuna Iti",0.009172773697991,1,2017
"849",1,"Tauvine",0.079748509665234,1,2018
"850",1,"Tiaraunu",1.70884833766718,1,2018
"851",1,"Offshore",181.891318821236,0,2018
"852",1,"No take zone",35.89160134,0.5,2018
"853",1,"Rest of lagoon",35.89160134,0.75,2018
"854",1,"Aie",0.009775186488655,1,2018
"855",1,"Aie",0.023277683208063,1,2018
"856",1,"Ahuroa",0.046627710105536,1,2018
"857",1,"Hiraanae",0.353004842003619,1,2018
"858",1,"Horoatera",0.870078933438646,1,2018
"859",1,"Hiraanae",0.001100493961161,1,2018
"860",1,"Honuea",0.29743536186033,1,2018
"861",1,"Onetahi",0.751000573862474,1,2018
"862",1,"Reiono",0.232100155542133,1,2018
"863",1,"Rimatuu",0.903521034107308,1,2018
"864",1,"Tahuna Rahi",0.076107024461502,1,2018
"865",1,"Tahuna Iti",0.009172773697991,1,2019
"866",1,"Tauvine",0.079748509665234,1,2019
"867",1,"Tiaraunu",1.70884833766718,1,2019
"868",1,"Offshore",181.891318821236,0,2019
"869",1,"No take zone",35.89160134,0.5,2019
"870",1,"Rest of lagoon",35.89160134,0.75,2019
"871",1,"Aie",0.009775186488655,1,2019
"872",1,"Aie",0.023277683208063,1,2019
"873",1,"Ahuroa",0.046627710105536,1,2019
"874",1,"Hiraanae",0.353004842003619,1,2019
"875",1,"Horoatera",0.870078933438646,1,2019
"876",1,"Hiraanae",0.001100493961161,1,2019
"877",1,"Honuea",0.29743536186033,1,2019
"878",1,"Onetahi",0.751000573862474,1,2019
"879",1,"Reiono",0.232100155542133,1,2019
"880",1,"Rimatuu",0.903521034107308,1,2019
"881",1,"Tahuna Rahi",0.076107024461502,1,2020
"882",1,"Tahuna Iti",0.009172773697991,1,2020
"883",1,"Tauvine",0.079748509665234,1,2020
"884",1,"Tiaraunu",1.70884833766718,1,2020
"885",1,"Offshore",181.891318821236,0,2020
"886",1,"No take zone",35.89160134,0.5,2020
"887",1,"Rest of lagoon",35.89160134,0.75,2020
"888",1,"Aie",0.009775186488655,1,2020
"889",1,"Aie",0.023277683208063,1,2020
"890",1,"Ahuroa",0.046627710105536,1,2020
"891",1,"Hiraanae",0.353004842003619,1,2020
"892",1,"Horoatera",0.870078933438646,1,2020
"893",1,"Hiraanae",0.001100493961161,1,2020
"894",1,"Honuea",0.29743536186033,1,2020
"895",1,"Onetahi",0.751000573862474,1,2020
"896",1,"Reiono",0.232100155542133,1,2020
"897",1,"Rimatuu",0.903521034107308,1,2014
"898",1,"Tahuna Rahi",0.076107024461502,1,2014
"899",1,"Tahuna Iti",0.009172773697991,1,2014
"900",1,"Tauvine",0.079748509665234,1,2014
"901",1,"Tiaraunu",1.70884833766718,1,2014
"902",1,"Offshore",181.891318821236,0,2014
"903",1,"No take zone",35.89160134,0.5,2014
"904",1,"Rest of lagoon",35.89160134,0.75,2014
"905",1,"Aie",0.009775186488655,1,2014
"906",1,"Aie",0.023277683208063,1,2014
"907",1,"Ahuroa",0.046627710105536,1,2014
"908",1,"Hiraanae",0.353004842003619,1,2014
"909",1,"Horoatera",0.870078933438646,1,2014
"910",1,"Hiraanae",0.001100493961161,1,2014
"911",1,"Honuea",0.29743536186033,1,2014
"912",1,"Onetahi",0.751000573862474,1,2014
"913",1,"Reiono",0.232100155542133,1,2015
"914",1,"Rimatuu",0.903521034107308,1,2015
"915",1,"Tahuna Rahi",0.076107024461502,1,2015
"916",1,"Tahuna Iti",0.009172773697991,1,2015
"917",1,"Tauvine",0.079748509665234,1,2015
"918",1,"Tiaraunu",1.70884833766718,1,2015
"919",1,"Offshore",181.891318821236,0,2015
"920",1,"No take zone",35.89160134,0.5,2015
"921",1,"Rest of lagoon",35.89160134,0.75,2015
"922",1,"Aie",0.009775186488655,1,2015
"923",1,"Aie",0.023277683208063,1,2015
"924",1,"Ahuroa",0.046627710105536,1,2015
"925",1,"Hiraanae",0.353004842003619,1,2015
"926",1,"Horoatera",0.870078933438646,1,2015
"927",1,"Hiraanae",0.001100493961161,1,2015
"928",1,"Honuea",0.29743536186033,1,2015
"929",1,"Onetahi",0.751000573862474,1,2016
"930",1,"Reiono",0.232100155542133,1,2016
"931",1,"Rimatuu",0.903521034107308,1,2016
"932",1,"Tahuna Rahi",0.076107024461502,1,2016
"933",1,"Tahuna Iti",0.009172773697991,1,2016
"934",1,"Tauvine",0.079748509665234,1,2016
"935",1,"Tiaraunu",1.70884833766718,1,2016
"936",1,"Offshore",181.891318821236,0,2016
"937",1,"No take zone",35.89160134,0.5,2016
"938",1,"Rest of lagoon",35.89160134,0.75,2016
"939",1,"Aie",0.009775186488655,1,2016
"940",1,"Aie",0.023277683208063,1,2016
"941",1,"Ahuroa",0.046627710105536,1,2016
"942",1,"Hiraanae",0.353004842003619,1,2016
"943",1,"Horoatera",0.870078933438646,1,2016
"944",1,"Hiraanae",0.001100493961161,1,2016
"945",1,"Honuea",0.29743536186033,1,2017
"946",1,"Onetahi",0.751000573862474,1,2017
"947",1,"Reiono",0.232100155542133,1,2017
"948",1,"Rimatuu",0.903521034107308,1,2017
"949",1,"Tahuna Rahi",0.076107024461502,1,2017
"950",1,"Tahuna Iti",0.009172773697991,1,2017
"951",1,"Tauvine",0.079748509665234,1,2017
"952",1,"Tiaraunu",1.70884833766718,1,2017
"953",1,"Offshore",181.891318821236,0,2017
"954",1,"No take zone",35.89160134,0.5,2017
"955",1,"Rest of lagoon",35.89160134,0.75,2017
"956",1,"Aie",0.009775186488655,1,2017
"957",1,"Aie",0.023277683208063,1,2017
"958",1,"Ahuroa",0.046627710105536,1,2017
"959",1,"Hiraanae",0.353004842003619,1,2017
"960",1,"Horoatera",0.870078933438646,1,2017
"961",1,"Hiraanae",0.001100493961161,1,2018
"962",1,"Honuea",0.29743536186033,1,2018
"963",1,"Onetahi",0.751000573862474,1,2018
"964",1,"Reiono",0.232100155542133,1,2018
"965",1,"Rimatuu",0.903521034107308,1,2018
"966",1,"Tahuna Rahi",0.076107024461502,1,2018
"967",1,"Tahuna Iti",0.009172773697991,1,2018
"968",1,"Tauvine",0.079748509665234,1,2018
"969",1,"Tiaraunu",1.70884833766718,1,2018
"970",1,"Offshore",181.891318821236,0,2018
"971",1,"No take zone",35.89160134,0.5,2018
"972",1,"Rest of lagoon",35.89160134,0.75,2018
"973",1,"Aie",0.009775186488655,1,2018
"974",1,"Aie",0.023277683208063,1,2018
"975",1,"Ahuroa",0.046627710105536,1,2018
"976",1,"Hiraanae",0.353004842003619,1,2018
"977",1,"Horoatera",0.870078933438646,1,2019
"978",1,"Hiraanae",0.001100493961161,1,2019
"979",1,"Honuea",0.29743536186033,1,2019
"980",1,"Onetahi",0.751000573862474,1,2019
"981",1,"Reiono",0.232100155542133,1,2019
"982",1,"Rimatuu",0.903521034107308,1,2019
"983",1,"Tahuna Rahi",0.076107024461502,1,2019
"984",1,"Tahuna Iti",0.009172773697991,1,2019
"985",1,"Tauvine",0.079748509665234,1,2019
"986",1,"Tiaraunu",1.70884833766718,1,2019
"987",1,"Offshore",181.891318821236,0,2019
"988",1,"No take zone",35.89160134,0.5,2019
"989",1,"Rest of lagoon",35.89160134,0.75,2019
"990",1,"Aie",0.009775186488655,1,2019
"991",1,"Aie",0.023277683208063,1,2019
"992",1,"Ahuroa",0.046627710105536,1,2019
"993",1,"Hiraanae",0.353004842003619,1,2020
"994",1,"Horoatera",0.870078933438646,1,2020
"995",1,"Hiraanae",0.001100493961161,1,2020
"996",1,"Honuea",0.29743536186033,1,2020
"997",1,"Onetahi",0.751000573862474,1,2020
"998",1,"Reiono",0.232100155542133,1,2020
"999",1,"Rimatuu",0.903521034107308,1,2020
"1000",1,"Tahuna Rahi",0.076107024461502,1,2020
"1001",1,"Tahuna Iti",0.009172773697991,1,2020
"1002",1,"Tauvine",0.079748509665234,1,2020
"1003",1,"Tiaraunu",1.70884833766718,1,2020
"1004",1,"Offshore",181.891318821236,0,2020
"1005",1,"No take zone",35.89160134,0.5,2020
"1006",1,"Rest of lagoon",35.89160134,0.75,2020
"1007",1,"Aie",0.009775186488655,1,2020
"1008",1,"Aie",0.023277683208063,1,2020
"1009",1,"Ahuroa",0.046627710105536,1,2014
"1010",1,"Hiraanae",0.353004842003619,1,2014
"1011",1,"Horoatera",0.870078933438646,1,2014
"1012",1,"Hiraanae",0.001100493961161,1,2014
"1013",1,"Honuea",0.29743536186033,1,2014
"1014",1,"Onetahi",0.751000573862474,1,2014
"1015",1,"Reiono",0.232100155542133,1,2014
"1016",1,"Rimatuu",0.903521034107308,1,2014
"1017",1,"Tahuna Rahi",0.076107024461502,1,2014
"1018",1,"Tahuna Iti",0.009172773697991,1,2014
"1019",1,"Tauvine",0.079748509665234,1,2014
"1020",1,"Tiaraunu",1.70884833766718,1,2014
"1021",1,"Offshore",181.891318821236,0,2014
"1022",1,"No take zone",35.89160134,0.5,2014
"1023",1,"Rest of lagoon",35.89160134,0.75,2014
"1024",1,"Aie",0.009775186488655,1,2014
"1025",1,"Aie",0.023277683208063,1,2015
"1026",1,"Ahuroa",0.046627710105536,1,2015
"1027",1,"Hiraanae",0.353004842003619,1,2015
"1028",1,"Horoatera",0.870078933438646,1,2015
"1029",1,"Hiraanae",0.001100493961161,1,2015
"1030",1,"Honuea",0.29743536186033,1,2015
"1031",1,"Onetahi",0.751000573862474,1,2015
"1032",1,"Reiono",0.232100155542133,1,2015
"1033",1,"Rimatuu",0.903521034107308,1,2015
"1034",1,"Tahuna Rahi",0.076107024461502,1,2015
"1035",1,"Tahuna Iti",0.009172773697991,1,2015
"1036",1,"Tauvine",0.079748509665234,1,2015
"1037",1,"Tiaraunu",1.70884833766718,1,2015
"1038",1,"Offshore",181.891318821236,0,2015
"1039",1,"No take zone",35.89160134,0.5,2015
"1040",1,"Rest of lagoon",35.89160134,0.75,2015
"1041",1,"Aie",0.009775186488655,1,2016
"1042",1,"Aie",0.023277683208063,1,2016
"1043",1,"Ahuroa",0.046627710105536,1,2016
"1044",1,"Hiraanae",0.353004842003619,1,2016
"1045",1,"Horoatera",0.870078933438646,1,2016
"1046",1,"Hiraanae",0.001100493961161,1,2016
"1047",1,"Honuea",0.29743536186033,1,2016
"1048",1,"Onetahi",0.751000573862474,1,2016
"1049",1,"Reiono",0.232100155542133,1,2016
"1050",1,"Rimatuu",0.903521034107308,1,2016
"1051",1,"Tahuna Rahi",0.076107024461502,1,2016
"1052",1,"Tahuna Iti",0.009172773697991,1,2016
"1053",1,"Tauvine",0.079748509665234,1,2016
"1054",1,"Tiaraunu",1.70884833766718,1,2016
"1055",1,"Offshore",181.891318821236,0,2016
"1056",1,"No take zone",35.89160134,0.5,2016
"1057",1,"Rest of lagoon",35.89160134,0.75,2017
"1058",1,"Aie",0.009775186488655,1,2017
"1059",1,"Aie",0.023277683208063,1,2017
"1060",1,"Ahuroa",0.046627710105536,1,2017
"1061",1,"Hiraanae",0.353004842003619,1,2017
"1062",1,"Horoatera",0.870078933438646,1,2017
"1063",1,"Hiraanae",0.001100493961161,1,2017
"1064",1,"Honuea",0.29743536186033,1,2017
"1065",1,"Onetahi",0.751000573862474,1,2017
"1066",1,"Reiono",0.232100155542133,1,2017
"1067",1,"Rimatuu",0.903521034107308,1,2017
"1068",1,"Tahuna Rahi",0.076107024461502,1,2017
"1069",1,"Tahuna Iti",0.009172773697991,1,2017
"1070",1,"Tauvine",0.079748509665234,1,2017
"1071",1,"Tiaraunu",1.70884833766718,1,2017
"1072",1,"Offshore",181.891318821236,0,2017
"1073",1,"No take zone",35.89160134,0.5,2018
"1074",1,"Rest of lagoon",35.89160134,0.75,2018
"1075",1,"Aie",0.009775186488655,1,2018
"1076",1,"Aie",0.023277683208063,1,2018
"1077",1,"Ahuroa",0.046627710105536,1,2018
"1078",1,"Hiraanae",0.353004842003619,1,2018
"1079",1,"Horoatera",0.870078933438646,1,2018
"1080",1,"Hiraanae",0.001100493961161,1,2018
"1081",1,"Honuea",0.29743536186033,1,2018
"1082",1,"Onetahi",0.751000573862474,1,2018
"1083",1,"Reiono",0.232100155542133,1,2018
"1084",1,"Rimatuu",0.903521034107308,1,2018
"1085",1,"Tahuna Rahi",0.076107024461502,1,2018
"1086",1,"Tahuna Iti",0.009172773697991,1,2018
"1087",1,"Tauvine",0.079748509665234,1,2018
"1088",1,"Tiaraunu",1.70884833766718,1,2018
"1089",1,"Offshore",181.891318821236,0,2019
"1090",1,"No take zone",35.89160134,0.5,2019
"1091",1,"Rest of lagoon",35.89160134,0.75,2019
"1092",1,"Aie",0.009775186488655,1,2019
"1093",1,"Aie",0.023277683208063,1,2019
"1094",1,"Ahuroa",0.046627710105536,1,2019
"1095",1,"Hiraanae",0.353004842003619,1,2019
"1096",1,"Horoatera",0.870078933438646,1,2019
"1097",1,"Hiraanae",0.001100493961161,1,2019
"1098",1,"Honuea",0.29743536186033,1,2019
"1099",1,"Onetahi",0.751000573862474,1,2019
"1100",1,"Reiono",0.232100155542133,1,2019
"1101",1,"Rimatuu",0.903521034107308,1,2019
"1102",1,"Tahuna Rahi",0.076107024461502,1,2019
"1103",1,"Tahuna Iti",0.009172773697991,1,2019
"1104",1,"Tauvine",0.079748509665234,1,2019
"1105",1,"Tiaraunu",1.70884833766718,1,2020
"1106",1,"Offshore",181.891318821236,0,2020
"1107",1,"No take zone",35.89160134,0.5,2020
"1108",1,"Rest of lagoon",35.89160134,0.75,2020
"1109",1,"Aie",0.009775186488655,1,2020
"1110",1,"Aie",0.023277683208063,1,2020
"1111",1,"Ahuroa",0.046627710105536,1,2020
"1112",1,"Hiraanae",0.353004842003619,1,2020
"1113",1,"Horoatera",0.870078933438646,1,2020
"1114",1,"Hiraanae",0.001100493961161,1,2020
"1115",1,"Honuea",0.29743536186033,1,2020
"1116",1,"Onetahi",0.751000573862474,1,2020
"1117",1,"Reiono",0.232100155542133,1,2020
"1118",1,"Rimatuu",0.903521034107308,1,2020
"1119",1,"Tahuna Rahi",0.076107024461502,1,2020
"1120",1,"Tahuna Iti",0.009172773697991,1,2020
"1121",1,"Tauvine",0.079748509665234,1,2014
"1122",1,"Tiaraunu",1.70884833766718,1,2014
"1123",1,"Offshore",181.891318821236,0,2014
"1124",1,"No take zone",35.89160134,0.5,2014
"1125",1,"Rest of lagoon",35.89160134,0.75,2014
"1126",1,"Aie",0.009775186488655,1,2014
"1127",1,"Aie",0.023277683208063,1,2014
"1128",1,"Ahuroa",0.046627710105536,1,2014
"1129",1,"Hiraanae",0.353004842003619,1,2014
"1130",1,"Horoatera",0.870078933438646,1,2014
"1131",1,"Hiraanae",0.001100493961161,1,2014
"1132",1,"Honuea",0.29743536186033,1,2014
"1133",1,"Onetahi",0.751000573862474,1,2014
"1134",1,"Reiono",0.232100155542133,1,2014
"1135",1,"Rimatuu",0.903521034107308,1,2014
"1136",1,"Tahuna Rahi",0.076107024461502,1,2014
"1137",1,"Tahuna Iti",0.009172773697991,1,2015
"1138",1,"Tauvine",0.079748509665234,1,2015
"1139",1,"Tiaraunu",1.70884833766718,1,2015
"1140",1,"Offshore",181.891318821236,0,2015
"1141",1,"No take zone",35.89160134,0.5,2015
"1142",1,"Rest of lagoon",35.89160134,0.75,2015
"1143",1,"Aie",0.009775186488655,1,2015
"1144",1,"Aie",0.023277683208063,1,2015
"1145",1,"Ahuroa",0.046627710105536,1,2015
"1146",1,"Hiraanae",0.353004842003619,1,2015
"1147",1,"Horoatera",0.870078933438646,1,2015
"1148",1,"Hiraanae",0.001100493961161,1,2015
"1149",1,"Honuea",0.29743536186033,1,2015
"1150",1,"Onetahi",0.751000573862474,1,2015
"1151",1,"Reiono",0.232100155542133,1,2015
"1152",1,"Rimatuu",0.903521034107308,1,2015
"1153",1,"Tahuna Rahi",0.076107024461502,1,2016
"1154",1,"Tahuna Iti",0.009172773697991,1,2016
"1155",1,"Tauvine",0.079748509665234,1,2016
"1156",1,"Tiaraunu",1.70884833766718,1,2016
"1157",1,"Offshore",181.891318821236,0,2016
"1158",1,"No take zone",35.89160134,0.5,2016
"1159",1,"Rest of lagoon",35.89160134,0.75,2016
"1160",1,"Aie",0.009775186488655,1,2016
"1161",1,"Aie",0.023277683208063,1,2016
"1162",1,"Ahuroa",0.046627710105536,1,2016
"1163",1,"Hiraanae",0.353004842003619,1,2016
"1164",1,"Horoatera",0.870078933438646,1,2016
"1165",1,"Hiraanae",0.001100493961161,1,2016
"1166",1,"Honuea",0.29743536186033,1,2016
"1167",1,"Onetahi",0.751000573862474,1,2016
"1168",1,"Reiono",0.232100155542133,1,2016
"1169",1,"Rimatuu",0.903521034107308,1,2017
"1170",1,"Tahuna Rahi",0.076107024461502,1,2017
"1171",1,"Tahuna Iti",0.009172773697991,1,2017
"1172",1,"Tauvine",0.079748509665234,1,2017
"1173",1,"Tiaraunu",1.70884833766718,1,2017
"1174",1,"Offshore",181.891318821236,0,2017
"1175",1,"No take zone",35.89160134,0.5,2017
"1176",1,"Rest of lagoon",35.89160134,0.75,2017
"1177",1,"Aie",0.009775186488655,1,2017
"1178",1,"Aie",0.023277683208063,1,2017
"1179",1,"Ahuroa",0.046627710105536,1,2017
"1180",1,"Hiraanae",0.353004842003619,1,2017
"1181",1,"Horoatera",0.870078933438646,1,2017
"1182",1,"Hiraanae",0.001100493961161,1,2017
"1183",1,"Honuea",0.29743536186033,1,2017
"1184",1,"Onetahi",0.751000573862474,1,2017
"1185",1,"Reiono",0.232100155542133,1,2018
"1186",1,"Rimatuu",0.903521034107308,1,2018
"1187",1,"Tahuna Rahi",0.076107024461502,1,2018
"1188",1,"Tahuna Iti",0.009172773697991,1,2018
"1189",1,"Tauvine",0.079748509665234,1,2018
"1190",1,"Tiaraunu",1.70884833766718,1,2018
"1191",1,"Offshore",181.891318821236,0,2018
"1192",1,"No take zone",35.89160134,0.5,2018
"1193",1,"Rest of lagoon",35.89160134,0.75,2018
"1194",1,"Aie",0.009775186488655,1,2018
"1195",1,"Aie",0.023277683208063,1,2018
"1196",1,"Ahuroa",0.046627710105536,1,2018
"1197",1,"Hiraanae",0.353004842003619,1,2018
"1198",1,"Horoatera",0.870078933438646,1,2018
"1199",1,"Hiraanae",0.001100493961161,1,2018
"1200",1,"Honuea",0.29743536186033,1,2018
"1201",1,"Onetahi",0.751000573862474,1,2019
"1202",1,"Reiono",0.232100155542133,1,2019
"1203",1,"Rimatuu",0.903521034107308,1,2019
"1204",1,"Tahuna Rahi",0.076107024461502,1,2019
"1205",1,"Tahuna Iti",0.009172773697991,1,2019
"1206",1,"Tauvine",0.079748509665234,1,2019
"1207",1,"Tiaraunu",1.70884833766718,1,2019
"1208",1,"Offshore",181.891318821236,0,2019
"1209",1,"No take zone",35.89160134,0.5,2019
"1210",1,"Rest of lagoon",35.89160134,0.75,2019
"1211",1,"Aie",0.009775186488655,1,2019
"1212",1,"Aie",0.023277683208063,1,2019
"1213",1,"Ahuroa",0.046627710105536,1,2019
"1214",1,"Hiraanae",0.353004842003619,1,2019
"1215",1,"Horoatera",0.870078933438646,1,2019
"1216",1,"Hiraanae",0.001100493961161,1,2019
"1217",1,"Honuea",0.29743536186033,1,2020
"1218",1,"Onetahi",0.751000573862474,1,2020
"1219",1,"Reiono",0.232100155542133,1,2020
"1220",1,"Rimatuu",0.903521034107308,1,2020
"1221",1,"Tahuna Rahi",0.076107024461502,1,2020
"1222",1,"Tahuna Iti",0.009172773697991,1,2020
"1223",1,"Tauvine",0.079748509665234,1,2020
"1224",1,"Tiaraunu",1.70884833766718,1,2020
"1225",1,"Offshore",181.891318821236,0,2020
"1226",1,"No take zone",35.89160134,0.5,2020
"1227",1,"Rest of lagoon",35.89160134,0.75,2020
"1228",1,"Aie",0.009775186488655,1,2020
"1229",1,"Aie",0.023277683208063,1,2020
"1230",1,"Ahuroa",0.046627710105536,1,2020
"1231",1,"Hiraanae",0.353004842003619,1,2020
"1232",1,"Horoatera",0.870078933438646,1,2020
"1233",1,"Hiraanae",0.001100493961161,1,2014
"1234",1,"Honuea",0.29743536186033,1,2014
"1235",1,"Onetahi",0.751000573862474,1,2014
"1236",1,"Reiono",0.232100155542133,1,2014
"1237",1,"Rimatuu",0.903521034107308,1,2014
"1238",1,"Tahuna Rahi",0.076107024461502,1,2014
"1239",1,"Tahuna Iti",0.009172773697991,1,2014
"1240",1,"Tauvine",0.079748509665234,1,2014
"1241",1,"Tiaraunu",1.70884833766718,1,2014
"1242",1,"Offshore",181.891318821236,0,2014
"1243",1,"No take zone",35.89160134,0.5,2014
"1244",1,"Rest of lagoon",35.89160134,0.75,2014
"1245",1,"Aie",0.009775186488655,1,2014
"1246",1,"Aie",0.023277683208063,1,2014
"1247",1,"Ahuroa",0.046627710105536,1,2014
"1248",1,"Hiraanae",0.353004842003619,1,2014
"1249",1,"Horoatera",0.870078933438646,1,2015
"1250",1,"Hiraanae",0.001100493961161,1,2015
"1251",1,"Honuea",0.29743536186033,1,2015
"1252",1,"Onetahi",0.751000573862474,1,2015
"1253",1,"Reiono",0.232100155542133,1,2015
"1254",1,"Rimatuu",0.903521034107308,1,2015
"1255",1,"Tahuna Rahi",0.076107024461502,1,2015
"1256",1,"Tahuna Iti",0.009172773697991,1,2015
"1257",1,"Tauvine",0.079748509665234,1,2015
"1258",1,"Tiaraunu",1.70884833766718,1,2015
"1259",1,"Offshore",181.891318821236,0,2015
"1260",1,"No take zone",35.89160134,0.5,2015
"1261",1,"Rest of lagoon",35.89160134,0.75,2015
"1262",1,"Aie",0.009775186488655,1,2015
"1263",1,"Aie",0.023277683208063,1,2015
"1264",1,"Ahuroa",0.046627710105536,1,2015
"1265",1,"Hiraanae",0.353004842003619,1,2016
"1266",1,"Horoatera",0.870078933438646,1,2016
"1267",1,"Hiraanae",0.001100493961161,1,2016
"1268",1,"Honuea",0.29743536186033,1,2016
"1269",1,"Onetahi",0.751000573862474,1,2016
"1270",1,"Reiono",0.232100155542133,1,2016
"1271",1,"Rimatuu",0.903521034107308,1,2016
"1272",1,"Tahuna Rahi",0.076107024461502,1,2016
"1273",1,"Tahuna Iti",0.009172773697991,1,2016
"1274",1,"Tauvine",0.079748509665234,1,2016
"1275",1,"Tiaraunu",1.70884833766718,1,2016
"1276",1,"Offshore",181.891318821236,0,2016
"1277",1,"No take zone",35.89160134,0.5,2016
"1278",1,"Rest of lagoon",35.89160134,0.75,2016
"1279",1,"Aie",0.009775186488655,1,2016
"1280",1,"Aie",0.023277683208063,1,2016
"1281",1,"Ahuroa",0.046627710105536,1,2017
"1282",1,"Hiraanae",0.353004842003619,1,2017
"1283",1,"Horoatera",0.870078933438646,1,2017
"1284",1,"Hiraanae",0.001100493961161,1,2017
"1285",1,"Honuea",0.29743536186033,1,2017
"1286",1,"Onetahi",0.751000573862474,1,2017
"1287",1,"Reiono",0.232100155542133,1,2017
"1288",1,"Rimatuu",0.903521034107308,1,2017
"1289",1,"Tahuna Rahi",0.076107024461502,1,2017
"1290",1,"Tahuna Iti",0.009172773697991,1,2017
"1291",1,"Tauvine",0.079748509665234,1,2017
"1292",1,"Tiaraunu",1.70884833766718,1,2017
"1293",1,"Offshore",181.891318821236,0,2017
"1294",1,"No take zone",35.89160134,0.5,2017
"1295",1,"Rest of lagoon",35.89160134,0.75,2017
"1296",1,"Aie",0.009775186488655,1,2017
"1297",1,"Aie",0.023277683208063,1,2018
"1298",1,"Ahuroa",0.046627710105536,1,2018
"1299",1,"Hiraanae",0.353004842003619,1,2018
"1300",1,"Horoatera",0.870078933438646,1,2018
"1301",1,"Hiraanae",0.001100493961161,1,2018
"1302",1,"Honuea",0.29743536186033,1,2018
"1303",1,"Onetahi",0.751000573862474,1,2018
"1304",1,"Reiono",0.232100155542133,1,2018
"1305",1,"Rimatuu",0.903521034107308,1,2018
"1306",1,"Tahuna Rahi",0.076107024461502,1,2018
"1307",1,"Tahuna Iti",0.009172773697991,1,2018
"1308",1,"Tauvine",0.079748509665234,1,2018
"1309",1,"Tiaraunu",1.70884833766718,1,2018
"1310",1,"Offshore",181.891318821236,0,2018
"1311",1,"No take zone",35.89160134,0.5,2018
"1312",1,"Rest of lagoon",35.89160134,0.75,2018
"1313",1,"Aie",0.009775186488655,1,2019
"1314",1,"Aie",0.023277683208063,1,2019
"1315",1,"Ahuroa",0.046627710105536,1,2019
"1316",1,"Hiraanae",0.353004842003619,1,2019
"1317",1,"Horoatera",0.870078933438646,1,2019
"1318",1,"Hiraanae",0.001100493961161,1,2019
"1319",1,"Honuea",0.29743536186033,1,2019
"1320",1,"Onetahi",0.751000573862474,1,2019
"1321",1,"Reiono",0.232100155542133,1,2019
"1322",1,"Rimatuu",0.903521034107308,1,2019
"1323",1,"Tahuna Rahi",0.076107024461502,1,2019
"1324",1,"Tahuna Iti",0.009172773697991,1,2019
"1325",1,"Tauvine",0.079748509665234,1,2019
"1326",1,"Tiaraunu",1.70884833766718,1,2019
"1327",1,"Offshore",181.891318821236,0,2019
"1328",1,"No take zone",35.89160134,0.5,2019
"1329",1,"Rest of lagoon",35.89160134,0.75,2020
"1330",1,"Aie",0.009775186488655,1,2020
"1331",1,"Aie",0.023277683208063,1,2020
"1332",1,"Ahuroa",0.046627710105536,1,2020
"1333",1,"Hiraanae",0.353004842003619,1,2020
"1334",1,"Horoatera",0.870078933438646,1,2020
"1335",1,"Hiraanae",0.001100493961161,1,2020
"1336",1,"Honuea",0.29743536186033,1,2020
"1337",1,"Onetahi",0.751000573862474,1,2020
"1338",1,"Reiono",0.232100155542133,1,2020
"1339",1,"Rimatuu",0.903521034107308,1,2020
"1340",1,"Tahuna Rahi",0.076107024461502,1,2020
"1341",1,"Tahuna Iti",0.009172773697991,1,2020
"1342",1,"Tauvine",0.079748509665234,1,2020
"1343",1,"Tiaraunu",1.70884833766718,1,2020
"1344",1,"Offshore",181.891318821236,0,2020
"1345",1,"No take zone",35.89160134,0.5,2014
"1346",1,"Rest of lagoon",35.89160134,0.75,2014
"1347",1,"Aie",0.009775186488655,1,2014
"1348",1,"Aie",0.023277683208063,1,2014
"1349",1,"Ahuroa",0.046627710105536,1,2014
"1350",1,"Hiraanae",0.353004842003619,1,2014
"1351",1,"Horoatera",0.870078933438646,1,2014
"1352",1,"Hiraanae",0.001100493961161,1,2014
"1353",1,"Honuea",0.29743536186033,1,2014
"1354",1,"Onetahi",0.751000573862474,1,2014
"1355",1,"Reiono",0.232100155542133,1,2014
"1356",1,"Rimatuu",0.903521034107308,1,2014
"1357",1,"Tahuna Rahi",0.076107024461502,1,2014
"1358",1,"Tahuna Iti",0.009172773697991,1,2014
"1359",1,"Tauvine",0.079748509665234,1,2014
"1360",1,"Tiaraunu",1.70884833766718,1,2014
"1361",1,"Offshore",181.891318821236,0,2015
"1362",1,"No take zone",35.89160134,0.5,2015
"1363",1,"Rest of lagoon",35.89160134,0.75,2015
"1364",1,"Aie",0.009775186488655,1,2015
"1365",1,"Aie",0.023277683208063,1,2015
"1366",1,"Ahuroa",0.046627710105536,1,2015
"1367",1,"Hiraanae",0.353004842003619,1,2015
"1368",1,"Horoatera",0.870078933438646,1,2015
"1369",1,"Hiraanae",0.001100493961161,1,2015
"1370",1,"Honuea",0.29743536186033,1,2015
"1371",1,"Onetahi",0.751000573862474,1,2015
"1372",1,"Reiono",0.232100155542133,1,2015
"1373",1,"Rimatuu",0.903521034107308,1,2015
"1374",1,"Tahuna Rahi",0.076107024461502,1,2015
"1375",1,"Tahuna Iti",0.009172773697991,1,2015
"1376",1,"Tauvine",0.079748509665234,1,2015
"1377",1,"Tiaraunu",1.70884833766718,1,2016
"1378",1,"Offshore",181.891318821236,0,2016
"1379",1,"No take zone",35.89160134,0.5,2016
"1380",1,"Rest of lagoon",35.89160134,0.75,2016
"1381",1,"Aie",0.009775186488655,1,2016
"1382",1,"Aie",0.023277683208063,1,2016
"1383",1,"Ahuroa",0.046627710105536,1,2016
"1384",1,"Hiraanae",0.353004842003619,1,2016
"1385",1,"Horoatera",0.870078933438646,1,2016
"1386",1,"Hiraanae",0.001100493961161,1,2016
"1387",1,"Honuea",0.29743536186033,1,2016
"1388",1,"Onetahi",0.751000573862474,1,2016
"1389",1,"Reiono",0.232100155542133,1,2016
"1390",1,"Rimatuu",0.903521034107308,1,2016
"1391",1,"Tahuna Rahi",0.076107024461502,1,2016
"1392",1,"Tahuna Iti",0.009172773697991,1,2016
"1393",1,"Tauvine",0.079748509665234,1,2017
"1394",1,"Tiaraunu",1.70884833766718,1,2017
"1395",1,"Offshore",181.891318821236,0,2017
"1396",1,"No take zone",35.89160134,0.5,2017
"1397",1,"Rest of lagoon",35.89160134,0.75,2017
"1398",1,"Aie",0.009775186488655,1,2017
"1399",1,"Aie",0.023277683208063,1,2017
"1400",1,"Ahuroa",0.046627710105536,1,2017
"1401",1,"Hiraanae",0.353004842003619,1,2017
"1402",1,"Horoatera",0.870078933438646,1,2017
"1403",1,"Hiraanae",0.001100493961161,1,2017
"1404",1,"Honuea",0.29743536186033,1,2017
"1405",1,"Onetahi",0.751000573862474,1,2017
"1406",1,"Reiono",0.232100155542133,1,2017
"1407",1,"Rimatuu",0.903521034107308,1,2017
"1408",1,"Tahuna Rahi",0.076107024461502,1,2017
"1409",1,"Tahuna Iti",0.009172773697991,1,2018
"1410",1,"Tauvine",0.079748509665234,1,2018
"1411",1,"Tiaraunu",1.70884833766718,1,2018
"1412",1,"Offshore",181.891318821236,0,2018
"1413",1,"No take zone",35.89160134,0.5,2018
"1414",1,"Rest of lagoon",35.89160134,0.75,2018
"1415",1,"Aie",0.009775186488655,1,2018
"1416",1,"Aie",0.023277683208063,1,2018
"1417",1,"Ahuroa",0.046627710105536,1,2018
"1418",1,"Hiraanae",0.353004842003619,1,2018
"1419",1,"Horoatera",0.870078933438646,1,2018
"1420",1,"Hiraanae",0.001100493961161,1,2018
"1421",1,"Honuea",0.29743536186033,1,2018
"1422",1,"Onetahi",0.751000573862474,1,2018
"1423",1,"Reiono",0.232100155542133,1,2018
"1424",1,"Rimatuu",0.903521034107308,1,2018
"1425",1,"Tahuna Rahi",0.076107024461502,1,2019
"1426",1,"Tahuna Iti",0.009172773697991,1,2019
"1427",1,"Tauvine",0.079748509665234,1,2019
"1428",1,"Tiaraunu",1.70884833766718,1,2019
"1429",1,"Offshore",181.891318821236,0,2019
"1430",1,"No take zone",35.89160134,0.5,2019
"1431",1,"Rest of lagoon",35.89160134,0.75,2019
"1432",1,"Aie",0.009775186488655,1,2019
"1433",1,"Aie",0.023277683208063,1,2019
"1434",1,"Ahuroa",0.046627710105536,1,2019
"1435",1,"Hiraanae",0.353004842003619,1,2019
"1436",1,"Horoatera",0.870078933438646,1,2019
"1437",1,"Hiraanae",0.001100493961161,1,2019
"1438",1,"Honuea",0.29743536186033,1,2019
"1439",1,"Onetahi",0.751000573862474,1,2019
"1440",1,"Reiono",0.232100155542133,1,2019
"1441",1,"Rimatuu",0.903521034107308,1,2020
"1442",1,"Tahuna Rahi",0.076107024461502,1,2020
"1443",1,"Tahuna Iti",0.009172773697991,1,2020
"1444",1,"Tauvine",0.079748509665234,1,2020
"1445",1,"Tiaraunu",1.70884833766718,1,2020
"1446",1,"Offshore",181.891318821236,0,2020
"1447",1,"No take zone",35.89160134,0.5,2020
"1448",1,"Rest of lagoon",35.89160134,0.75,2020
"1449",1,"Aie",0.009775186488655,1,2020
"1450",1,"Aie",0.023277683208063,1,2020
"1451",1,"Ahuroa",0.046627710105536,1,2020
"1452",1,"Hiraanae",0.353004842003619,1,2020
"1453",1,"Horoatera",0.870078933438646,1,2020
"1454",1,"Hiraanae",0.001100493961161,1,2020
"1455",1,"Honuea",0.29743536186033,1,2020
"1456",1,"Onetahi",0.751000573862474,1,2020
"1457",1,"Reiono",0.232100155542133,1,2014
"1458",1,"Rimatuu",0.903521034107308,1,2014
"1459",1,"Tahuna Rahi",0.076107024461502,1,2014
"1460",1,"Tahuna Iti",0.009172773697991,1,2014
"1461",1,"Tauvine",0.079748509665234,1,2014
"1462",1,"Tiaraunu",1.70884833766718,1,2014
"1463",1,"Offshore",181.891318821236,0,2014
"1464",1,"No take zone",35.89160134,0.5,2014
"1465",1,"Rest of lagoon",35.89160134,0.75,2014
"1466",1,"Aie",0.009775186488655,1,2014
"1467",1,"Aie",0.023277683208063,1,2014
"1468",1,"Ahuroa",0.046627710105536,1,2014
"1469",1,"Hiraanae",0.353004842003619,1,2014
"1470",1,"Horoatera",0.870078933438646,1,2014
"1471",1,"Hiraanae",0.001100493961161,1,2014
"1472",1,"Honuea",0.29743536186033,1,2014
"1473",1,"Onetahi",0.751000573862474,1,2015
"1474",1,"Reiono",0.232100155542133,1,2015
"1475",1,"Rimatuu",0.903521034107308,1,2015
"1476",1,"Tahuna Rahi",0.076107024461502,1,2015
"1477",1,"Tahuna Iti",0.009172773697991,1,2015
"1478",1,"Tauvine",0.079748509665234,1,2015
"1479",1,"Tiaraunu",1.70884833766718,1,2015
"1480",1,"Offshore",181.891318821236,0,2015
"1481",1,"No take zone",35.89160134,0.5,2015
"1482",1,"Rest of lagoon",35.89160134,0.75,2015
"1483",1,"Aie",0.009775186488655,1,2015
"1484",1,"Aie",0.023277683208063,1,2015
"1485",1,"Ahuroa",0.046627710105536,1,2015
"1486",1,"Hiraanae",0.353004842003619,1,2015
"1487",1,"Horoatera",0.870078933438646,1,2015
"1488",1,"Hiraanae",0.001100493961161,1,2015
"1489",1,"Honuea",0.29743536186033,1,2016
"1490",1,"Onetahi",0.751000573862474,1,2016
"1491",1,"Reiono",0.232100155542133,1,2016
"1492",1,"Rimatuu",0.903521034107308,1,2016
"1493",1,"Tahuna Rahi",0.076107024461502,1,2016
"1494",1,"Tahuna Iti",0.009172773697991,1,2016
"1495",1,"Tauvine",0.079748509665234,1,2016
"1496",1,"Tiaraunu",1.70884833766718,1,2016
"1497",1,"Offshore",181.891318821236,0,2016
"1498",1,"No take zone",35.89160134,0.5,2016
"1499",1,"Rest of lagoon",35.89160134,0.75,2016
"1500",1,"Aie",0.009775186488655,1,2016
"1501",1,"Aie",0.023277683208063,1,2016
"1502",1,"Ahuroa",0.046627710105536,1,2016
"1503",1,"Hiraanae",0.353004842003619,1,2016
"1504",1,"Horoatera",0.870078933438646,1,2016
"1505",1,"Hiraanae",0.001100493961161,1,2017
"1506",1,"Honuea",0.29743536186033,1,2017
"1507",1,"Onetahi",0.751000573862474,1,2017
"1508",1,"Reiono",0.232100155542133,1,2017
"1509",1,"Rimatuu",0.903521034107308,1,2017
"1510",1,"Tahuna Rahi",0.076107024461502,1,2017
"1511",1,"Tahuna Iti",0.009172773697991,1,2017
"1512",1,"Tauvine",0.079748509665234,1,2017
"1513",1,"Tiaraunu",1.70884833766718,1,2017
"1514",1,"Offshore",181.891318821236,0,2017
"1515",1,"No take zone",35.89160134,0.5,2017
"1516",1,"Rest of lagoon",35.89160134,0.75,2017
"1517",1,"Aie",0.009775186488655,1,2017
"1518",1,"Aie",0.023277683208063,1,2017
"1519",1,"Ahuroa",0.046627710105536,1,2017
"1520",1,"Hiraanae",0.353004842003619,1,2017
"1521",1,"Horoatera",0.870078933438646,1,2018
"1522",1,"Hiraanae",0.001100493961161,1,2018
"1523",1,"Honuea",0.29743536186033,1,2018
"1524",1,"Onetahi",0.751000573862474,1,2018
"1525",1,"Reiono",0.232100155542133,1,2018
"1526",1,"Rimatuu",0.903521034107308,1,2018
"1527",1,"Tahuna Rahi",0.076107024461502,1,2018
"1528",1,"Tahuna Iti",0.009172773697991,1,2018
"1529",1,"Tauvine",0.079748509665234,1,2018
"1530",1,"Tiaraunu",1.70884833766718,1,2018
"1531",1,"Offshore",181.891318821236,0,2018
"1532",1,"No take zone",35.89160134,0.5,2018
"1533",1,"Rest of lagoon",35.89160134,0.75,2018
"1534",1,"Aie",0.009775186488655,1,2018
"1535",1,"Aie",0.023277683208063,1,2018
"1536",1,"Ahuroa",0.046627710105536,1,2018
"1537",1,"Hiraanae",0.353004842003619,1,2019
"1538",1,"Horoatera",0.870078933438646,1,2019
"1539",1,"Hiraanae",0.001100493961161,1,2019
"1540",1,"Honuea",0.29743536186033,1,2019
"1541",1,"Onetahi",0.751000573862474,1,2019
"1542",1,"Reiono",0.232100155542133,1,2019
"1543",1,"Rimatuu",0.903521034107308,1,2019
"1544",1,"Tahuna Rahi",0.076107024461502,1,2019
"1545",1,"Tahuna Iti",0.009172773697991,1,2019
"1546",1,"Tauvine",0.079748509665234,1,2019
"1547",1,"Tiaraunu",1.70884833766718,1,2019
"1548",1,"Offshore",181.891318821236,0,2019
"1549",1,"No take zone",35.89160134,0.5,2019
"1550",1,"Rest of lagoon",35.89160134,0.75,2019
"1551",1,"Aie",0.009775186488655,1,2019
"1552",1,"Aie",0.023277683208063,1,2019
"1553",1,"Ahuroa",0.046627710105536,1,2020
"1554",1,"Hiraanae",0.353004842003619,1,2020
"1555",1,"Horoatera",0.870078933438646,1,2020
"1556",1,"Hiraanae",0.001100493961161,1,2020
"1557",1,"Honuea",0.29743536186033,1,2020
"1558",1,"Onetahi",0.751000573862474,1,2020
"1559",1,"Reiono",0.232100155542133,1,2020
"1560",1,"Rimatuu",0.903521034107308,1,2020
"1561",1,"Tahuna Rahi",0.076107024461502,1,2020
"1562",1,"Tahuna Iti",0.009172773697991,1,2020
"1563",1,"Tauvine",0.079748509665234,1,2020
"1564",1,"Tiaraunu",1.70884833766718,1,2020
"1565",1,"Offshore",181.891318821236,0,2020
"1566",1,"No take zone",35.89160134,0.5,2020
"1567",1,"Rest of lagoon",35.89160134,0.75,2020
"1568",1,"Aie",0.009775186488655,1,2020
"1569",1,"Aie",0.023277683208063,1,2014
"1570",1,"Ahuroa",0.046627710105536,1,2014
"1571",1,"Hiraanae",0.353004842003619,1,2014
"1572",1,"Horoatera",0.870078933438646,1,2014
"1573",1,"Hiraanae",0.001100493961161,1,2014
"1574",1,"Honuea",0.29743536186033,1,2014
"1575",1,"Onetahi",0.751000573862474,1,2014
"1576",1,"Reiono",0.232100155542133,1,2014
"1577",1,"Rimatuu",0.903521034107308,1,2014
"1578",1,"Tahuna Rahi",0.076107024461502,1,2014
"1579",1,"Tahuna Iti",0.009172773697991,1,2014
"1580",1,"Tauvine",0.079748509665234,1,2014
"1581",1,"Tiaraunu",1.70884833766718,1,2014
"1582",1,"Offshore",181.891318821236,0,2014
"1583",1,"No take zone",35.89160134,0.5,2014
"1584",1,"Rest of lagoon",35.89160134,0.75,2014
"1585",1,"Aie",0.009775186488655,1,2015
"1586",1,"Aie",0.023277683208063,1,2015
"1587",1,"Ahuroa",0.046627710105536,1,2015
"1588",1,"Hiraanae",0.353004842003619,1,2015
"1589",1,"Horoatera",0.870078933438646,1,2015
"1590",1,"Hiraanae",0.001100493961161,1,2015
"1591",1,"Honuea",0.29743536186033,1,2015
"1592",1,"Onetahi",0.751000573862474,1,2015
"1593",1,"Reiono",0.232100155542133,1,2015
"1594",1,"Rimatuu",0.903521034107308,1,2015
"1595",1,"Tahuna Rahi",0.076107024461502,1,2015
"1596",1,"Tahuna Iti",0.009172773697991,1,2015
"1597",1,"Tauvine",0.079748509665234,1,2015
"1598",1,"Tiaraunu",1.70884833766718,1,2015
"1599",1,"Offshore",181.891318821236,0,2015
"1600",1,"No take zone",35.89160134,0.5,2015
"1601",1,"Rest of lagoon",35.89160134,0.75,2016
"1602",1,"Aie",0.009775186488655,1,2016
"1603",1,"Aie",0.023277683208063,1,2016
"1604",1,"Ahuroa",0.046627710105536,1,2016
"1605",1,"Hiraanae",0.353004842003619,1,2016
"1606",1,"Horoatera",0.870078933438646,1,2016
"1607",1,"Hiraanae",0.001100493961161,1,2016
"1608",1,"Honuea",0.29743536186033,1,2016
"1609",1,"Onetahi",0.751000573862474,1,2016
"1610",1,"Reiono",0.232100155542133,1,2016
"1611",1,"Rimatuu",0.903521034107308,1,2016
"1612",1,"Tahuna Rahi",0.076107024461502,1,2016
"1613",1,"Tahuna Iti",0.009172773697991,1,2016
"1614",1,"Tauvine",0.079748509665234,1,2016
"1615",1,"Tiaraunu",1.70884833766718,1,2016
"1616",1,"Offshore",181.891318821236,0,2016
"1617",1,"No take zone",35.89160134,0.5,2017
"1618",1,"Rest of lagoon",35.89160134,0.75,2017
"1619",1,"Aie",0.009775186488655,1,2017
"1620",1,"Aie",0.023277683208063,1,2017
"1621",1,"Ahuroa",0.046627710105536,1,2017
"1622",1,"Hiraanae",0.353004842003619,1,2017
"1623",1,"Horoatera",0.870078933438646,1,2017
"1624",1,"Hiraanae",0.001100493961161,1,2017
"1625",1,"Honuea",0.29743536186033,1,2017
"1626",1,"Onetahi",0.751000573862474,1,2017
"1627",1,"Reiono",0.232100155542133,1,2017
"1628",1,"Rimatuu",0.903521034107308,1,2017
"1629",1,"Tahuna Rahi",0.076107024461502,1,2017
"1630",1,"Tahuna Iti",0.009172773697991,1,2017
"1631",1,"Tauvine",0.079748509665234,1,2017
"1632",1,"Tiaraunu",1.70884833766718,1,2017
"1633",1,"Offshore",181.891318821236,0,2018
"1634",1,"No take zone",35.89160134,0.5,2018
"1635",1,"Rest of lagoon",35.89160134,0.75,2018
"1636",1,"Aie",0.009775186488655,1,2018
"1637",1,"Aie",0.023277683208063,1,2018
"1638",1,"Ahuroa",0.046627710105536,1,2018
"1639",1,"Hiraanae",0.353004842003619,1,2018
"1640",1,"Horoatera",0.870078933438646,1,2018
"1641",1,"Hiraanae",0.001100493961161,1,2018
"1642",1,"Honuea",0.29743536186033,1,2018
"1643",1,"Onetahi",0.751000573862474,1,2018
"1644",1,"Reiono",0.232100155542133,1,2018
"1645",1,"Rimatuu",0.903521034107308,1,2018
"1646",1,"Tahuna Rahi",0.076107024461502,1,2018
"1647",1,"Tahuna Iti",0.009172773697991,1,2018
"1648",1,"Tauvine",0.079748509665234,1,2018
"1649",1,"Tiaraunu",1.70884833766718,1,2019
"1650",1,"Offshore",181.891318821236,0,2019
"1651",1,"No take zone",35.89160134,0.5,2019
"1652",1,"Rest of lagoon",35.89160134,0.75,2019
"1653",1,"Aie",0.009775186488655,1,2019
"1654",1,"Aie",0.023277683208063,1,2019
"1655",1,"Ahuroa",0.046627710105536,1,2019
"1656",1,"Hiraanae",0.353004842003619,1,2019
"1657",1,"Horoatera",0.870078933438646,1,2019
"1658",1,"Hiraanae",0.001100493961161,1,2019
"1659",1,"Honuea",0.29743536186033,1,2019
"1660",1,"Onetahi",0.751000573862474,1,2019
"1661",1,"Reiono",0.232100155542133,1,2019
"1662",1,"Rimatuu",0.903521034107308,1,2019
"1663",1,"Tahuna Rahi",0.076107024461502,1,2019
"1664",1,"Tahuna Iti",0.009172773697991,1,2019
"1665",1,"Tauvine",0.079748509665234,1,2020
"1666",1,"Tiaraunu",1.70884833766718,1,2020
"1667",1,"Offshore",181.891318821236,0,2020
"1668",1,"No take zone",35.89160134,0.5,2020
"1669",1,"Rest of lagoon",35.89160134,0.75,2020
"1670",1,"Aie",0.009775186488655,1,2020
"1671",1,"Aie",0.023277683208063,1,2020
"1672",1,"Ahuroa",0.046627710105536,1,2020
"1673",1,"Hiraanae",0.353004842003619,1,2020
"1674",1,"Horoatera",0.870078933438646,1,2020
"1675",1,"Hiraanae",0.001100493961161,1,2020
"1676",1,"Honuea",0.29743536186033,1,2020
"1677",1,"Onetahi",0.751000573862474,1,2020
"1678",1,"Reiono",0.232100155542133,1,2020
"1679",1,"Rimatuu",0.903521034107308,1,2020
"1680",1,"Tahuna Rahi",0.076107024461502,1,2020
"1681",1,"Tahuna Iti",0.009172773697991,1,2014
"1682",1,"Tauvine",0.079748509665234,1,2014
"1683",1,"Tiaraunu",1.70884833766718,1,2014
"1684",1,"Offshore",181.891318821236,0,2014
"1685",1,"No take zone",35.89160134,0.5,2014
"1686",1,"Rest of lagoon",35.89160134,0.75,2014
"1687",1,"Aie",0.009775186488655,1,2014
"1688",1,"Aie",0.023277683208063,1,2014
"1689",1,"Ahuroa",0.046627710105536,1,2014
"1690",1,"Hiraanae",0.353004842003619,1,2014
"1691",1,"Horoatera",0.870078933438646,1,2014
"1692",1,"Hiraanae",0.001100493961161,1,2014
"1693",1,"Honuea",0.29743536186033,1,2014
"1694",1,"Onetahi",0.751000573862474,1,2014
"1695",1,"Reiono",0.232100155542133,1,2014
"1696",1,"Rimatuu",0.903521034107308,1,2014
"1697",1,"Tahuna Rahi",0.076107024461502,1,2015
"1698",1,"Tahuna Iti",0.009172773697991,1,2015
"1699",1,"Tauvine",0.079748509665234,1,2015
"1700",1,"Tiaraunu",1.70884833766718,1,2015
"1701",1,"Offshore",181.891318821236,0,2015
"1702",1,"No take zone",35.89160134,0.5,2015
"1703",1,"Rest of lagoon",35.89160134,0.75,2015
"1704",1,"Aie",0.009775186488655,1,2015
"1705",1,"Aie",0.023277683208063,1,2015
"1706",1,"Ahuroa",0.046627710105536,1,2015
"1707",1,"Hiraanae",0.353004842003619,1,2015
"1708",1,"Horoatera",0.870078933438646,1,2015
"1709",1,"Hiraanae",0.001100493961161,1,2015
"1710",1,"Honuea",0.29743536186033,1,2015
"1711",1,"Onetahi",0.751000573862474,1,2015
"1712",1,"Reiono",0.232100155542133,1,2015
"1713",1,"Rimatuu",0.903521034107308,1,2016
"1714",1,"Tahuna Rahi",0.076107024461502,1,2016
"1715",1,"Tahuna Iti",0.009172773697991,1,2016
"1716",1,"Tauvine",0.079748509665234,1,2016
"1717",1,"Tiaraunu",1.70884833766718,1,2016
"1718",1,"Offshore",181.891318821236,0,2016
"1719",1,"No take zone",35.89160134,0.5,2016
"1720",1,"Rest of lagoon",35.89160134,0.75,2016
"1721",1,"Aie",0.009775186488655,1,2016
"1722",1,"Aie",0.023277683208063,1,2016
"1723",1,"Ahuroa",0.046627710105536,1,2016
"1724",1,"Hiraanae",0.353004842003619,1,2016
"1725",1,"Horoatera",0.870078933438646,1,2016
"1726",1,"Hiraanae",0.001100493961161,1,2016
"1727",1,"Honuea",0.29743536186033,1,2016
"1728",1,"Onetahi",0.751000573862474,1,2016
"1729",1,"Reiono",0.232100155542133,1,2017
"1730",1,"Rimatuu",0.903521034107308,1,2017
"1731",1,"Tahuna Rahi",0.076107024461502,1,2017
"1732",1,"Tahuna Iti",0.009172773697991,1,2017
"1733",1,"Tauvine",0.079748509665234,1,2017
"1734",1,"Tiaraunu",1.70884833766718,1,2017
"1735",1,"Offshore",181.891318821236,0,2017
"1736",1,"No take zone",35.89160134,0.5,2017
"1737",1,"Rest of lagoon",35.89160134,0.75,2017
"1738",1,"Aie",0.009775186488655,1,2017
"1739",1,"Aie",0.023277683208063,1,2017
"1740",1,"Ahuroa",0.046627710105536,1,2017
"1741",1,"Hiraanae",0.353004842003619,1,2017
"1742",1,"Horoatera",0.870078933438646,1,2017
"1743",1,"Hiraanae",0.001100493961161,1,2017
"1744",1,"Honuea",0.29743536186033,1,2017
"1745",1,"Onetahi",0.751000573862474,1,2018
"1746",1,"Reiono",0.232100155542133,1,2018
"1747",1,"Rimatuu",0.903521034107308,1,2018
"1748",1,"Tahuna Rahi",0.076107024461502,1,2018
"1749",1,"Tahuna Iti",0.009172773697991,1,2018
"1750",1,"Tauvine",0.079748509665234,1,2018
"1751",1,"Tiaraunu",1.70884833766718,1,2018
"1752",1,"Offshore",181.891318821236,0,2018
"1753",1,"No take zone",35.89160134,0.5,2018
"1754",1,"Rest of lagoon",35.89160134,0.75,2018
"1755",1,"Aie",0.009775186488655,1,2018
"1756",1,"Aie",0.023277683208063,1,2018
"1757",1,"Ahuroa",0.046627710105536,1,2018
"1758",1,"Hiraanae",0.353004842003619,1,2018
"1759",1,"Horoatera",0.870078933438646,1,2018
"1760",1,"Hiraanae",0.001100493961161,1,2018
"1761",1,"Honuea",0.29743536186033,1,2019
"1762",1,"Onetahi",0.751000573862474,1,2019
"1763",1,"Reiono",0.232100155542133,1,2019
"1764",1,"Rimatuu",0.903521034107308,1,2019
"1765",1,"Tahuna Rahi",0.076107024461502,1,2019
"1766",1,"Tahuna Iti",0.009172773697991,1,2019
"1767",1,"Tauvine",0.079748509665234,1,2019
"1768",1,"Tiaraunu",1.70884833766718,1,2019
"1769",1,"Offshore",181.891318821236,0,2019
"1770",1,"No take zone",35.89160134,0.5,2019
"1771",1,"Rest of lagoon",35.89160134,0.75,2019
"1772",1,"Aie",0.009775186488655,1,2019
"1773",1,"Aie",0.023277683208063,1,2019
"1774",1,"Ahuroa",0.046627710105536,1,2019
"1775",1,"Hiraanae",0.353004842003619,1,2019
"1776",1,"Horoatera",0.870078933438646,1,2019
"1777",1,"Hiraanae",0.001100493961161,1,2020
"1778",1,"Honuea",0.29743536186033,1,2020
"1779",1,"Onetahi",0.751000573862474,1,2020
"1780",1,"Reiono",0.232100155542133,1,2020
"1781",1,"Rimatuu",0.903521034107308,1,2020
"1782",1,"Tahuna Rahi",0.076107024461502,1,2020
"1783",1,"Tahuna Iti",0.009172773697991,1,2020
"1784",1,"Tauvine",0.079748509665234,1,2020
"1785",1,"Tiaraunu",1.70884833766718,1,2020
"1786",1,"Offshore",181.891318821236,0,2020
"1787",1,"No take zone",35.89160134,0.5,2020
"1788",1,"Rest of lagoon",35.89160134,0.75,2020
"1789",1,"Aie",0.009775186488655,1,2020
"1790",1,"Aie",0.023277683208063,1,2020
"1791",1,"Ahuroa",0.046627710105536,1,2020
"1792",1,"Hiraanae",0.353004842003619,1,2020
"1793",1,"Horoatera",0.870078933438646,1,2014
"1794",1,"Hiraanae",0.001100493961161,1,2014
"1795",1,"Honuea",0.29743536186033,1,2014
"1796",1,"Onetahi",0.751000573862474,1,2014
"1797",1,"Reiono",0.232100155542133,1,2014
"1798",1,"Rimatuu",0.903521034107308,1,2014
"1799",1,"Tahuna Rahi",0.076107024461502,1,2014
"1800",1,"Tahuna Iti",0.009172773697991,1,2014
"1801",1,"Tauvine",0.079748509665234,1,2014
"1802",1,"Tiaraunu",1.70884833766718,1,2014
"1803",1,"Offshore",181.891318821236,0,2014
"1804",1,"No take zone",35.89160134,0.5,2014
"1805",1,"Rest of lagoon",35.89160134,0.75,2014
"1806",1,"Aie",0.009775186488655,1,2014
"1807",1,"Aie",0.023277683208063,1,2014
"1808",1,"Ahuroa",0.046627710105536,1,2014
"1809",1,"Hiraanae",0.353004842003619,1,2015
"1810",1,"Horoatera",0.870078933438646,1,2015
"1811",1,"Hiraanae",0.001100493961161,1,2015
"1812",1,"Honuea",0.29743536186033,1,2015
"1813",1,"Onetahi",0.751000573862474,1,2015
"1814",1,"Reiono",0.232100155542133,1,2015
"1815",1,"Rimatuu",0.903521034107308,1,2015
"1816",1,"Tahuna Rahi",0.076107024461502,1,2015
"1817",1,"Tahuna Iti",0.009172773697991,1,2015
"1818",1,"Tauvine",0.079748509665234,1,2015
"1819",1,"Tiaraunu",1.70884833766718,1,2015
"1820",1,"Offshore",181.891318821236,0,2015
"1821",1,"No take zone",35.89160134,0.5,2015
"1822",1,"Rest of lagoon",35.89160134,0.75,2015
"1823",1,"Aie",0.009775186488655,1,2015
"1824",1,"Aie",0.023277683208063,1,2015
"1825",1,"Ahuroa",0.046627710105536,1,2016
"1826",1,"Hiraanae",0.353004842003619,1,2016
"1827",1,"Horoatera",0.870078933438646,1,2016
"1828",1,"Hiraanae",0.001100493961161,1,2016
"1829",1,"Honuea",0.29743536186033,1,2016
"1830",1,"Onetahi",0.751000573862474,1,2016
"1831",1,"Reiono",0.232100155542133,1,2016
"1832",1,"Rimatuu",0.903521034107308,1,2016
"1833",1,"Tahuna Rahi",0.076107024461502,1,2016
"1834",1,"Tahuna Iti",0.009172773697991,1,2016
"1835",1,"Tauvine",0.079748509665234,1,2016
"1836",1,"Tiaraunu",1.70884833766718,1,2016
"1837",1,"Offshore",181.891318821236,0,2016
"1838",1,"No take zone",35.89160134,0.5,2016
"1839",1,"Rest of lagoon",35.89160134,0.75,2016
"1840",1,"Aie",0.009775186488655,1,2016
"1841",1,"Aie",0.023277683208063,1,2017
"1842",1,"Ahuroa",0.046627710105536,1,2017
"1843",1,"Hiraanae",0.353004842003619,1,2017
"1844",1,"Horoatera",0.870078933438646,1,2017
"1845",1,"Hiraanae",0.001100493961161,1,2017
"1846",1,"Honuea",0.29743536186033,1,2017
"1847",1,"Onetahi",0.751000573862474,1,2017
"1848",1,"Reiono",0.232100155542133,1,2017
"1849",1,"Rimatuu",0.903521034107308,1,2017
"1850",1,"Tahuna Rahi",0.076107024461502,1,2017
"1851",1,"Tahuna Iti",0.009172773697991,1,2017
"1852",1,"Tauvine",0.079748509665234,1,2017
"1853",1,"Tiaraunu",1.70884833766718,1,2017
"1854",1,"Offshore",181.891318821236,0,2017
"1855",1,"No take zone",35.89160134,0.5,2017
"1856",1,"Rest of lagoon",35.89160134,0.75,2017
"1857",1,"Aie",0.009775186488655,1,2018
"1858",1,"Aie",0.023277683208063,1,2018
"1859",1,"Ahuroa",0.046627710105536,1,2018
"1860",1,"Hiraanae",0.353004842003619,1,2018
"1861",1,"Horoatera",0.870078933438646,1,2018
"1862",1,"Hiraanae",0.001100493961161,1,2018
"1863",1,"Honuea",0.29743536186033,1,2018
"1864",1,"Onetahi",0.751000573862474,1,2018
"1865",1,"Reiono",0.232100155542133,1,2018
"1866",1,"Rimatuu",0.903521034107308,1,2018
"1867",1,"Tahuna Rahi",0.076107024461502,1,2018
"1868",1,"Tahuna Iti",0.009172773697991,1,2018
"1869",1,"Tauvine",0.079748509665234,1,2018
"1870",1,"Tiaraunu",1.70884833766718,1,2018
"1871",1,"Offshore",181.891318821236,0,2018
"1872",1,"No take zone",35.89160134,0.5,2018
"1873",1,"Rest of lagoon",35.89160134,0.75,2019
"1874",1,"Aie",0.009775186488655,1,2019
"1875",1,"Aie",0.023277683208063,1,2019
"1876",1,"Ahuroa",0.046627710105536,1,2019
"1877",1,"Hiraanae",0.353004842003619,1,2019
"1878",1,"Horoatera",0.870078933438646,1,2019
"1879",1,"Hiraanae",0.001100493961161,1,2019
"1880",1,"Honuea",0.29743536186033,1,2019
"1881",1,"Onetahi",0.751000573862474,1,2019
"1882",1,"Reiono",0.232100155542133,1,2019
"1883",1,"Rimatuu",0.903521034107308,1,2019
"1884",1,"Tahuna Rahi",0.076107024461502,1,2019
"1885",1,"Tahuna Iti",0.009172773697991,1,2019
"1886",1,"Tauvine",0.079748509665234,1,2019
"1887",1,"Tiaraunu",1.70884833766718,1,2019
"1888",1,"Offshore",181.891318821236,0,2019
"1889",1,"No take zone",35.89160134,0.5,2020
"1890",1,"Rest of lagoon",35.89160134,0.75,2020
"1891",1,"Aie",0.009775186488655,1,2020
"1892",1,"Aie",0.023277683208063,1,2020
"1893",1,"Ahuroa",0.046627710105536,1,2020
"1894",1,"Hiraanae",0.353004842003619,1,2020
"1895",1,"Horoatera",0.870078933438646,1,2020
"1896",1,"Hiraanae",0.001100493961161,1,2020
"1897",1,"Honuea",0.29743536186033,1,2020
"1898",1,"Onetahi",0.751000573862474,1,2020
"1899",1,"Reiono",0.232100155542133,1,2020
"1900",1,"Rimatuu",0.903521034107308,1,2020
"1901",1,"Tahuna Rahi",0.076107024461502,1,2020
"1902",1,"Tahuna Iti",0.009172773697991,1,2020
"1903",1,"Tauvine",0.079748509665234,1,2020
"1904",1,"Tiaraunu",1.70884833766718,1,2020
